Type,Timestamp,Game ID,Player ID,Player GUID,Colour,Role
Type,Timestamp,Game ID,Player ID,Player GUID,Colour,Role
discover,2018-06-08 09:04:49,1,2,50bd5251-3e33-40eb-938e-afc346cc1e8f,Red,Member
discover,2018-06-08 09:04:49,1,3,1d7b4dd5-049c-4a99-9a60-e7d0b83334e2,Blue,Leader
discover,2018-06-08 09:04:49,1,1,960aceca-411e-43a7-924f-66d657e458e7,Red,Leader
discover,2018-06-08 09:04:49,1,4,248b70b6-a328-463f-b9ea-3e1c4f67110c,Blue,Member
move,2018-06-08 09:04:49,1,4,248b70b6-a328-463f-b9ea-3e1c4f67110c,Blue,Member
move,2018-06-08 09:04:49,1,2,50bd5251-3e33-40eb-938e-afc346cc1e8f,Red,Member
move,2018-06-08 09:04:49,1,3,1d7b4dd5-049c-4a99-9a60-e7d0b83334e2,Blue,Leader
move,2018-06-08 09:04:49,1,1,960aceca-411e-43a7-924f-66d657e458e7,Red,Leader
move,2018-06-08 09:04:49,1,4,248b70b6-a328-463f-b9ea-3e1c4f67110c,Blue,Member
move,2018-06-08 09:04:49,1,2,50bd5251-3e33-40eb-938e-afc346cc1e8f,Red,Member
move,2018-06-08 09:04:49,1,3,1d7b4dd5-049c-4a99-9a60-e7d0b83334e2,Blue,Leader
move,2018-06-08 09:04:49,1,1,960aceca-411e-43a7-924f-66d657e458e7,Red,Leader
move,2018-06-08 09:04:49,1,4,248b70b6-a328-463f-b9ea-3e1c4f67110c,Blue,Member
move,2018-06-08 09:04:49,1,2,50bd5251-3e33-40eb-938e-afc346cc1e8f,Red,Member
move,2018-06-08 09:04:49,1,3,1d7b4dd5-049c-4a99-9a60-e7d0b83334e2,Blue,Leader
move,2018-06-08 09:04:49,1,1,960aceca-411e-43a7-924f-66d657e458e7,Red,Leader
move,2018-06-08 09:04:49,1,4,248b70b6-a328-463f-b9ea-3e1c4f67110c,Blue,Member
move,2018-06-08 09:04:49,1,2,50bd5251-3e33-40eb-938e-afc346cc1e8f,Red,Member
move,2018-06-08 09:04:49,1,3,1d7b4dd5-049c-4a99-9a60-e7d0b83334e2,Blue,Leader
move,2018-06-08 09:04:49,1,1,960aceca-411e-43a7-924f-66d657e458e7,Red,Leader
move,2018-06-08 09:04:49,1,2,50bd5251-3e33-40eb-938e-afc346cc1e8f,Red,Member
move,2018-06-08 09:04:49,1,4,248b70b6-a328-463f-b9ea-3e1c4f67110c,Blue,Member
move,2018-06-08 09:04:49,1,3,1d7b4dd5-049c-4a99-9a60-e7d0b83334e2,Blue,Leader
move,2018-06-08 09:04:49,1,1,960aceca-411e-43a7-924f-66d657e458e7,Red,Leader
move,2018-06-08 09:04:49,1,2,50bd5251-3e33-40eb-938e-afc346cc1e8f,Red,Member
move,2018-06-08 09:04:49,1,4,248b70b6-a328-463f-b9ea-3e1c4f67110c,Blue,Member
move,2018-06-08 09:04:49,1,2,50bd5251-3e33-40eb-938e-afc346cc1e8f,Red,Member
move,2018-06-08 09:04:49,1,3,1d7b4dd5-049c-4a99-9a60-e7d0b83334e2,Blue,Leader
move,2018-06-08 09:04:49,1,1,960aceca-411e-43a7-924f-66d657e458e7,Red,Leader
move,2018-06-08 09:04:49,1,4,248b70b6-a328-463f-b9ea-3e1c4f67110c,Blue,Member
move,2018-06-08 09:04:49,1,2,50bd5251-3e33-40eb-938e-afc346cc1e8f,Red,Member
move,2018-06-08 09:04:49,1,4,248b70b6-a328-463f-b9ea-3e1c4f67110c,Blue,Member
move,2018-06-08 09:04:49,1,3,1d7b4dd5-049c-4a99-9a60-e7d0b83334e2,Blue,Leader
move,2018-06-08 09:04:49,1,1,960aceca-411e-43a7-924f-66d657e458e7,Red,Leader
move,2018-06-08 09:04:49,1,2,50bd5251-3e33-40eb-938e-afc346cc1e8f,Red,Member
move,2018-06-08 09:04:50,1,4,248b70b6-a328-463f-b9ea-3e1c4f67110c,Blue,Member
move,2018-06-08 09:04:50,1,3,1d7b4dd5-049c-4a99-9a60-e7d0b83334e2,Blue,Leader
move,2018-06-08 09:04:50,1,2,50bd5251-3e33-40eb-938e-afc346cc1e8f,Red,Member
pickup,2018-06-08 09:04:50,1,1,960aceca-411e-43a7-924f-66d657e458e7,Red,Leader
move,2018-06-08 09:04:50,1,2,50bd5251-3e33-40eb-938e-afc346cc1e8f,Red,Member
pickup,2018-06-08 09:04:50,1,3,1d7b4dd5-049c-4a99-9a60-e7d0b83334e2,Blue,Leader
test,2018-06-08 09:04:50,1,1,960aceca-411e-43a7-924f-66d657e458e7,Red,Leader
move,2018-06-08 09:04:50,1,2,50bd5251-3e33-40eb-938e-afc346cc1e8f,Red,Member
move,2018-06-08 09:04:50,1,3,1d7b4dd5-049c-4a99-9a60-e7d0b83334e2,Blue,Leader
move,2018-06-08 09:04:50,1,1,960aceca-411e-43a7-924f-66d657e458e7,Red,Leader
move,2018-06-08 09:04:50,1,3,1d7b4dd5-049c-4a99-9a60-e7d0b83334e2,Blue,Leader
move,2018-06-08 09:04:50,1,2,50bd5251-3e33-40eb-938e-afc346cc1e8f,Red,Member
move,2018-06-08 09:04:50,1,1,960aceca-411e-43a7-924f-66d657e458e7,Red,Leader
move,2018-06-08 09:04:50,1,3,1d7b4dd5-049c-4a99-9a60-e7d0b83334e2,Blue,Leader
move,2018-06-08 09:04:50,1,1,960aceca-411e-43a7-924f-66d657e458e7,Red,Leader
pickup,2018-06-08 09:04:50,1,2,50bd5251-3e33-40eb-938e-afc346cc1e8f,Red,Member
move,2018-06-08 09:04:50,1,3,1d7b4dd5-049c-4a99-9a60-e7d0b83334e2,Blue,Leader
move,2018-06-08 09:04:50,1,1,960aceca-411e-43a7-924f-66d657e458e7,Red,Leader
move,2018-06-08 09:04:50,1,3,1d7b4dd5-049c-4a99-9a60-e7d0b83334e2,Blue,Leader
move,2018-06-08 09:04:50,1,1,960aceca-411e-43a7-924f-66d657e458e7,Red,Leader
test,2018-06-08 09:04:50,1,2,50bd5251-3e33-40eb-938e-afc346cc1e8f,Red,Member
place,2018-06-08 09:04:50,1,3,1d7b4dd5-049c-4a99-9a60-e7d0b83334e2,Blue,Leader
move,2018-06-08 09:04:50,1,1,960aceca-411e-43a7-924f-66d657e458e7,Red,Leader
move,2018-06-08 09:04:50,1,3,1d7b4dd5-049c-4a99-9a60-e7d0b83334e2,Blue,Leader
move,2018-06-08 09:04:50,1,2,50bd5251-3e33-40eb-938e-afc346cc1e8f,Red,Member
move,2018-06-08 09:04:50,1,1,960aceca-411e-43a7-924f-66d657e458e7,Red,Leader
move,2018-06-08 09:04:50,1,3,1d7b4dd5-049c-4a99-9a60-e7d0b83334e2,Blue,Leader
move,2018-06-08 09:04:50,1,2,50bd5251-3e33-40eb-938e-afc346cc1e8f,Red,Member
move,2018-06-08 09:04:50,1,1,960aceca-411e-43a7-924f-66d657e458e7,Red,Leader
move,2018-06-08 09:04:50,1,2,50bd5251-3e33-40eb-938e-afc346cc1e8f,Red,Member
move,2018-06-08 09:04:50,1,3,1d7b4dd5-049c-4a99-9a60-e7d0b83334e2,Blue,Leader
place,2018-06-08 09:04:50,1,1,960aceca-411e-43a7-924f-66d657e458e7,Red,Leader
place,2018-06-08 09:04:50,1,3,1d7b4dd5-049c-4a99-9a60-e7d0b83334e2,Blue,Leader
move,2018-06-08 09:04:50,1,2,50bd5251-3e33-40eb-938e-afc346cc1e8f,Red,Member
move,2018-06-08 09:04:50,1,1,960aceca-411e-43a7-924f-66d657e458e7,Red,Leader
move,2018-06-08 09:04:50,1,2,50bd5251-3e33-40eb-938e-afc346cc1e8f,Red,Member
move,2018-06-08 09:04:50,1,3,1d7b4dd5-049c-4a99-9a60-e7d0b83334e2,Blue,Leader
move,2018-06-08 09:04:50,1,1,960aceca-411e-43a7-924f-66d657e458e7,Red,Leader
move,2018-06-08 09:04:50,1,3,1d7b4dd5-049c-4a99-9a60-e7d0b83334e2,Blue,Leader
move,2018-06-08 09:04:50,1,2,50bd5251-3e33-40eb-938e-afc346cc1e8f,Red,Member
move,2018-06-08 09:04:50,1,1,960aceca-411e-43a7-924f-66d657e458e7,Red,Leader
move,2018-06-08 09:04:50,1,2,50bd5251-3e33-40eb-938e-afc346cc1e8f,Red,Member
move,2018-06-08 09:04:50,1,3,1d7b4dd5-049c-4a99-9a60-e7d0b83334e2,Blue,Leader
place,2018-06-08 09:04:50,1,1,960aceca-411e-43a7-924f-66d657e458e7,Red,Leader
move,2018-06-08 09:04:50,1,2,50bd5251-3e33-40eb-938e-afc346cc1e8f,Red,Member
move,2018-06-08 09:04:50,1,3,1d7b4dd5-049c-4a99-9a60-e7d0b83334e2,Blue,Leader
move,2018-06-08 09:04:50,1,1,960aceca-411e-43a7-924f-66d657e458e7,Red,Leader
move,2018-06-08 09:04:50,1,3,1d7b4dd5-049c-4a99-9a60-e7d0b83334e2,Blue,Leader
move,2018-06-08 09:04:50,1,2,50bd5251-3e33-40eb-938e-afc346cc1e8f,Red,Member
move,2018-06-08 09:04:50,1,1,960aceca-411e-43a7-924f-66d657e458e7,Red,Leader
move,2018-06-08 09:04:50,1,2,50bd5251-3e33-40eb-938e-afc346cc1e8f,Red,Member
move,2018-06-08 09:04:50,1,3,1d7b4dd5-049c-4a99-9a60-e7d0b83334e2,Blue,Leader
move,2018-06-08 09:04:50,1,1,960aceca-411e-43a7-924f-66d657e458e7,Red,Leader
pickup,2018-06-08 09:04:50,1,3,1d7b4dd5-049c-4a99-9a60-e7d0b83334e2,Blue,Leader
move,2018-06-08 09:04:50,1,2,50bd5251-3e33-40eb-938e-afc346cc1e8f,Red,Member
move,2018-06-08 09:04:50,1,1,960aceca-411e-43a7-924f-66d657e458e7,Red,Leader
move,2018-06-08 09:04:50,1,3,1d7b4dd5-049c-4a99-9a60-e7d0b83334e2,Blue,Leader
move,2018-06-08 09:04:50,1,1,960aceca-411e-43a7-924f-66d657e458e7,Red,Leader
place,2018-06-08 09:04:50,1,2,50bd5251-3e33-40eb-938e-afc346cc1e8f,Red,Member
place,2018-06-08 09:04:50,1,3,1d7b4dd5-049c-4a99-9a60-e7d0b83334e2,Blue,Leader
move,2018-06-08 09:04:51,1,1,960aceca-411e-43a7-924f-66d657e458e7,Red,Leader
move,2018-06-08 09:04:51,1,3,1d7b4dd5-049c-4a99-9a60-e7d0b83334e2,Blue,Leader
move,2018-06-08 09:04:51,1,2,50bd5251-3e33-40eb-938e-afc346cc1e8f,Red,Member
move,2018-06-08 09:04:51,1,1,960aceca-411e-43a7-924f-66d657e458e7,Red,Leader
move,2018-06-08 09:04:51,1,2,50bd5251-3e33-40eb-938e-afc346cc1e8f,Red,Member
move,2018-06-08 09:04:51,1,3,1d7b4dd5-049c-4a99-9a60-e7d0b83334e2,Blue,Leader
move,2018-06-08 09:04:51,1,1,960aceca-411e-43a7-924f-66d657e458e7,Red,Leader
move,2018-06-08 09:04:51,1,3,1d7b4dd5-049c-4a99-9a60-e7d0b83334e2,Blue,Leader
move,2018-06-08 09:04:51,1,2,50bd5251-3e33-40eb-938e-afc346cc1e8f,Red,Member
move,2018-06-08 09:04:51,1,1,960aceca-411e-43a7-924f-66d657e458e7,Red,Leader
pickup,2018-06-08 09:04:51,1,3,1d7b4dd5-049c-4a99-9a60-e7d0b83334e2,Blue,Leader
move,2018-06-08 09:04:51,1,2,50bd5251-3e33-40eb-938e-afc346cc1e8f,Red,Member
move,2018-06-08 09:04:51,1,1,960aceca-411e-43a7-924f-66d657e458e7,Red,Leader
move,2018-06-08 09:04:51,1,2,50bd5251-3e33-40eb-938e-afc346cc1e8f,Red,Member
move,2018-06-08 09:04:51,1,3,1d7b4dd5-049c-4a99-9a60-e7d0b83334e2,Blue,Leader
move,2018-06-08 09:04:51,1,1,960aceca-411e-43a7-924f-66d657e458e7,Red,Leader
move,2018-06-08 09:04:51,1,3,1d7b4dd5-049c-4a99-9a60-e7d0b83334e2,Blue,Leader
move,2018-06-08 09:04:51,1,2,50bd5251-3e33-40eb-938e-afc346cc1e8f,Red,Member
move,2018-06-08 09:04:51,1,1,960aceca-411e-43a7-924f-66d657e458e7,Red,Leader
move,2018-06-08 09:04:51,1,3,1d7b4dd5-049c-4a99-9a60-e7d0b83334e2,Blue,Leader
move,2018-06-08 09:04:51,1,2,50bd5251-3e33-40eb-938e-afc346cc1e8f,Red,Member
move,2018-06-08 09:04:51,1,1,960aceca-411e-43a7-924f-66d657e458e7,Red,Leader
move,2018-06-08 09:04:51,1,2,50bd5251-3e33-40eb-938e-afc346cc1e8f,Red,Member
place,2018-06-08 09:04:51,1,3,1d7b4dd5-049c-4a99-9a60-e7d0b83334e2,Blue,Leader
move,2018-06-08 09:04:51,1,1,960aceca-411e-43a7-924f-66d657e458e7,Red,Leader
move,2018-06-08 09:04:51,1,3,1d7b4dd5-049c-4a99-9a60-e7d0b83334e2,Blue,Leader
move,2018-06-08 09:04:51,1,2,50bd5251-3e33-40eb-938e-afc346cc1e8f,Red,Member
move,2018-06-08 09:04:51,1,1,960aceca-411e-43a7-924f-66d657e458e7,Red,Leader
move,2018-06-08 09:04:51,1,3,1d7b4dd5-049c-4a99-9a60-e7d0b83334e2,Blue,Leader
move,2018-06-08 09:04:51,1,2,50bd5251-3e33-40eb-938e-afc346cc1e8f,Red,Member
move,2018-06-08 09:04:51,1,1,960aceca-411e-43a7-924f-66d657e458e7,Red,Leader
pickup,2018-06-08 09:04:51,1,2,50bd5251-3e33-40eb-938e-afc346cc1e8f,Red,Member
move,2018-06-08 09:04:51,1,3,1d7b4dd5-049c-4a99-9a60-e7d0b83334e2,Blue,Leader
move,2018-06-08 09:04:51,1,1,960aceca-411e-43a7-924f-66d657e458e7,Red,Leader
move,2018-06-08 09:04:51,1,3,1d7b4dd5-049c-4a99-9a60-e7d0b83334e2,Blue,Leader
move,2018-06-08 09:04:51,1,1,960aceca-411e-43a7-924f-66d657e458e7,Red,Leader
move,2018-06-08 09:04:51,1,3,1d7b4dd5-049c-4a99-9a60-e7d0b83334e2,Blue,Leader
move,2018-06-08 09:04:51,1,1,960aceca-411e-43a7-924f-66d657e458e7,Red,Leader
move,2018-06-08 09:04:51,1,3,1d7b4dd5-049c-4a99-9a60-e7d0b83334e2,Blue,Leader
move,2018-06-08 09:04:51,1,1,960aceca-411e-43a7-924f-66d657e458e7,Red,Leader
move,2018-06-08 09:04:51,1,3,1d7b4dd5-049c-4a99-9a60-e7d0b83334e2,Blue,Leader
move,2018-06-08 09:04:51,1,1,960aceca-411e-43a7-924f-66d657e458e7,Red,Leader
move,2018-06-08 09:04:51,1,3,1d7b4dd5-049c-4a99-9a60-e7d0b83334e2,Blue,Leader
move,2018-06-08 09:04:51,1,1,960aceca-411e-43a7-924f-66d657e458e7,Red,Leader
move,2018-06-08 09:04:51,1,3,1d7b4dd5-049c-4a99-9a60-e7d0b83334e2,Blue,Leader
move,2018-06-08 09:04:51,1,1,960aceca-411e-43a7-924f-66d657e458e7,Red,Leader
test,2018-06-08 09:04:51,1,2,50bd5251-3e33-40eb-938e-afc346cc1e8f,Red,Member
move,2018-06-08 09:04:51,1,3,1d7b4dd5-049c-4a99-9a60-e7d0b83334e2,Blue,Leader
move,2018-06-08 09:04:51,1,1,960aceca-411e-43a7-924f-66d657e458e7,Red,Leader
move,2018-06-08 09:04:51,1,2,50bd5251-3e33-40eb-938e-afc346cc1e8f,Red,Member
move,2018-06-08 09:04:51,1,3,1d7b4dd5-049c-4a99-9a60-e7d0b83334e2,Blue,Leader
move,2018-06-08 09:04:51,1,2,50bd5251-3e33-40eb-938e-afc346cc1e8f,Red,Member
move,2018-06-08 09:04:51,1,1,960aceca-411e-43a7-924f-66d657e458e7,Red,Leader
move,2018-06-08 09:04:51,1,3,1d7b4dd5-049c-4a99-9a60-e7d0b83334e2,Blue,Leader
move,2018-06-08 09:04:51,1,1,960aceca-411e-43a7-924f-66d657e458e7,Red,Leader
move,2018-06-08 09:04:51,1,2,50bd5251-3e33-40eb-938e-afc346cc1e8f,Red,Member
pickup,2018-06-08 09:04:51,1,1,960aceca-411e-43a7-924f-66d657e458e7,Red,Leader
move,2018-06-08 09:04:51,1,2,50bd5251-3e33-40eb-938e-afc346cc1e8f,Red,Member
discover,2018-06-08 09:04:51,1,3,1d7b4dd5-049c-4a99-9a60-e7d0b83334e2,Blue,Leader
move,2018-06-08 09:04:51,1,2,50bd5251-3e33-40eb-938e-afc346cc1e8f,Red,Member
test,2018-06-08 09:04:51,1,1,960aceca-411e-43a7-924f-66d657e458e7,Red,Leader
discover,2018-06-08 09:04:51,1,3,1d7b4dd5-049c-4a99-9a60-e7d0b83334e2,Blue,Leader
move,2018-06-08 09:04:51,1,2,50bd5251-3e33-40eb-938e-afc346cc1e8f,Red,Member
move,2018-06-08 09:04:51,1,3,1d7b4dd5-049c-4a99-9a60-e7d0b83334e2,Blue,Leader
move,2018-06-08 09:04:51,1,1,960aceca-411e-43a7-924f-66d657e458e7,Red,Leader
move,2018-06-08 09:04:51,1,2,50bd5251-3e33-40eb-938e-afc346cc1e8f,Red,Member
move,2018-06-08 09:04:51,1,1,960aceca-411e-43a7-924f-66d657e458e7,Red,Leader
move,2018-06-08 09:04:51,1,3,1d7b4dd5-049c-4a99-9a60-e7d0b83334e2,Blue,Leader
move,2018-06-08 09:04:51,1,2,50bd5251-3e33-40eb-938e-afc346cc1e8f,Red,Member
pickup,2018-06-08 09:04:51,1,3,1d7b4dd5-049c-4a99-9a60-e7d0b83334e2,Blue,Leader
move,2018-06-08 09:04:51,1,1,960aceca-411e-43a7-924f-66d657e458e7,Red,Leader
move,2018-06-08 09:04:51,1,2,50bd5251-3e33-40eb-938e-afc346cc1e8f,Red,Member
move,2018-06-08 09:04:52,1,1,960aceca-411e-43a7-924f-66d657e458e7,Red,Leader
move,2018-06-08 09:04:52,1,3,1d7b4dd5-049c-4a99-9a60-e7d0b83334e2,Blue,Leader
move,2018-06-08 09:04:52,1,2,50bd5251-3e33-40eb-938e-afc346cc1e8f,Red,Member
move,2018-06-08 09:04:52,1,3,1d7b4dd5-049c-4a99-9a60-e7d0b83334e2,Blue,Leader
move,2018-06-08 09:04:52,1,1,960aceca-411e-43a7-924f-66d657e458e7,Red,Leader
place,2018-06-08 09:04:52,1,2,50bd5251-3e33-40eb-938e-afc346cc1e8f,Red,Member
move,2018-06-08 09:04:52,1,1,960aceca-411e-43a7-924f-66d657e458e7,Red,Leader
move,2018-06-08 09:04:52,1,3,1d7b4dd5-049c-4a99-9a60-e7d0b83334e2,Blue,Leader
move,2018-06-08 09:04:52,1,2,50bd5251-3e33-40eb-938e-afc346cc1e8f,Red,Member
move,2018-06-08 09:04:52,1,3,1d7b4dd5-049c-4a99-9a60-e7d0b83334e2,Blue,Leader
move,2018-06-08 09:04:52,1,1,960aceca-411e-43a7-924f-66d657e458e7,Red,Leader
move,2018-06-08 09:04:52,1,2,50bd5251-3e33-40eb-938e-afc346cc1e8f,Red,Member
move,2018-06-08 09:04:52,1,1,960aceca-411e-43a7-924f-66d657e458e7,Red,Leader
move,2018-06-08 09:04:52,1,3,1d7b4dd5-049c-4a99-9a60-e7d0b83334e2,Blue,Leader
move,2018-06-08 09:04:52,1,2,50bd5251-3e33-40eb-938e-afc346cc1e8f,Red,Member
move,2018-06-08 09:04:52,1,3,1d7b4dd5-049c-4a99-9a60-e7d0b83334e2,Blue,Leader
move,2018-06-08 09:04:52,1,1,960aceca-411e-43a7-924f-66d657e458e7,Red,Leader
move,2018-06-08 09:04:52,1,2,50bd5251-3e33-40eb-938e-afc346cc1e8f,Red,Member
move,2018-06-08 09:04:52,1,1,960aceca-411e-43a7-924f-66d657e458e7,Red,Leader
place,2018-06-08 09:04:52,1,3,1d7b4dd5-049c-4a99-9a60-e7d0b83334e2,Blue,Leader
move,2018-06-08 09:04:52,1,2,50bd5251-3e33-40eb-938e-afc346cc1e8f,Red,Member
move,2018-06-08 09:04:52,1,1,960aceca-411e-43a7-924f-66d657e458e7,Red,Leader
move,2018-06-08 09:04:52,1,3,1d7b4dd5-049c-4a99-9a60-e7d0b83334e2,Blue,Leader
move,2018-06-08 09:04:52,1,2,50bd5251-3e33-40eb-938e-afc346cc1e8f,Red,Member
move,2018-06-08 09:04:52,1,3,1d7b4dd5-049c-4a99-9a60-e7d0b83334e2,Blue,Leader
move,2018-06-08 09:04:52,1,1,960aceca-411e-43a7-924f-66d657e458e7,Red,Leader
move,2018-06-08 09:04:52,1,2,50bd5251-3e33-40eb-938e-afc346cc1e8f,Red,Member
move,2018-06-08 09:04:52,1,1,960aceca-411e-43a7-924f-66d657e458e7,Red,Leader
move,2018-06-08 09:04:52,1,3,1d7b4dd5-049c-4a99-9a60-e7d0b83334e2,Blue,Leader
move,2018-06-08 09:04:52,1,2,50bd5251-3e33-40eb-938e-afc346cc1e8f,Red,Member
move,2018-06-08 09:04:52,1,3,1d7b4dd5-049c-4a99-9a60-e7d0b83334e2,Blue,Leader
move,2018-06-08 09:04:52,1,1,960aceca-411e-43a7-924f-66d657e458e7,Red,Leader
move,2018-06-08 09:04:52,1,2,50bd5251-3e33-40eb-938e-afc346cc1e8f,Red,Member
move,2018-06-08 09:04:52,1,1,960aceca-411e-43a7-924f-66d657e458e7,Red,Leader
move,2018-06-08 09:04:52,1,3,1d7b4dd5-049c-4a99-9a60-e7d0b83334e2,Blue,Leader
move,2018-06-08 09:04:52,1,2,50bd5251-3e33-40eb-938e-afc346cc1e8f,Red,Member
move,2018-06-08 09:04:52,1,3,1d7b4dd5-049c-4a99-9a60-e7d0b83334e2,Blue,Leader
move,2018-06-08 09:04:52,1,1,960aceca-411e-43a7-924f-66d657e458e7,Red,Leader
move,2018-06-08 09:04:52,1,2,50bd5251-3e33-40eb-938e-afc346cc1e8f,Red,Member
place,2018-06-08 09:04:52,1,1,960aceca-411e-43a7-924f-66d657e458e7,Red,Leader
move,2018-06-08 09:04:52,1,3,1d7b4dd5-049c-4a99-9a60-e7d0b83334e2,Blue,Leader
move,2018-06-08 09:04:52,1,2,50bd5251-3e33-40eb-938e-afc346cc1e8f,Red,Member
move,2018-06-08 09:04:52,1,3,1d7b4dd5-049c-4a99-9a60-e7d0b83334e2,Blue,Leader
move,2018-06-08 09:04:52,1,1,960aceca-411e-43a7-924f-66d657e458e7,Red,Leader
move,2018-06-08 09:04:52,1,2,50bd5251-3e33-40eb-938e-afc346cc1e8f,Red,Member
move,2018-06-08 09:04:52,1,1,960aceca-411e-43a7-924f-66d657e458e7,Red,Leader
move,2018-06-08 09:04:52,1,3,1d7b4dd5-049c-4a99-9a60-e7d0b83334e2,Blue,Leader
pickup,2018-06-08 09:04:52,1,2,50bd5251-3e33-40eb-938e-afc346cc1e8f,Red,Member
move,2018-06-08 09:04:52,1,3,1d7b4dd5-049c-4a99-9a60-e7d0b83334e2,Blue,Leader
move,2018-06-08 09:04:52,1,1,960aceca-411e-43a7-924f-66d657e458e7,Red,Leader
move,2018-06-08 09:04:52,1,3,1d7b4dd5-049c-4a99-9a60-e7d0b83334e2,Blue,Leader
move,2018-06-08 09:04:52,1,1,960aceca-411e-43a7-924f-66d657e458e7,Red,Leader
move,2018-06-08 09:04:52,1,3,1d7b4dd5-049c-4a99-9a60-e7d0b83334e2,Blue,Leader
move,2018-06-08 09:04:52,1,1,960aceca-411e-43a7-924f-66d657e458e7,Red,Leader
move,2018-06-08 09:04:52,1,3,1d7b4dd5-049c-4a99-9a60-e7d0b83334e2,Blue,Leader
move,2018-06-08 09:04:52,1,1,960aceca-411e-43a7-924f-66d657e458e7,Red,Leader
test,2018-06-08 09:04:52,1,2,50bd5251-3e33-40eb-938e-afc346cc1e8f,Red,Member
move,2018-06-08 09:04:52,1,3,1d7b4dd5-049c-4a99-9a60-e7d0b83334e2,Blue,Leader
move,2018-06-08 09:04:52,1,1,960aceca-411e-43a7-924f-66d657e458e7,Red,Leader
move,2018-06-08 09:04:52,1,3,1d7b4dd5-049c-4a99-9a60-e7d0b83334e2,Blue,Leader
move,2018-06-08 09:04:52,1,2,50bd5251-3e33-40eb-938e-afc346cc1e8f,Red,Member
move,2018-06-08 09:04:52,1,1,960aceca-411e-43a7-924f-66d657e458e7,Red,Leader
move,2018-06-08 09:04:52,1,3,1d7b4dd5-049c-4a99-9a60-e7d0b83334e2,Blue,Leader
move,2018-06-08 09:04:52,1,2,50bd5251-3e33-40eb-938e-afc346cc1e8f,Red,Member
move,2018-06-08 09:04:52,1,1,960aceca-411e-43a7-924f-66d657e458e7,Red,Leader
move,2018-06-08 09:04:52,1,2,50bd5251-3e33-40eb-938e-afc346cc1e8f,Red,Member
move,2018-06-08 09:04:52,1,3,1d7b4dd5-049c-4a99-9a60-e7d0b83334e2,Blue,Leader
move,2018-06-08 09:04:52,1,1,960aceca-411e-43a7-924f-66d657e458e7,Red,Leader
move,2018-06-08 09:04:52,1,3,1d7b4dd5-049c-4a99-9a60-e7d0b83334e2,Blue,Leader
move,2018-06-08 09:04:52,1,2,50bd5251-3e33-40eb-938e-afc346cc1e8f,Red,Member
move,2018-06-08 09:04:52,1,1,960aceca-411e-43a7-924f-66d657e458e7,Red,Leader
move,2018-06-08 09:04:52,1,2,50bd5251-3e33-40eb-938e-afc346cc1e8f,Red,Member
move,2018-06-08 09:04:52,1,3,1d7b4dd5-049c-4a99-9a60-e7d0b83334e2,Blue,Leader
move,2018-06-08 09:04:52,1,1,960aceca-411e-43a7-924f-66d657e458e7,Red,Leader
move,2018-06-08 09:04:52,1,2,50bd5251-3e33-40eb-938e-afc346cc1e8f,Red,Member
move,2018-06-08 09:04:52,1,1,960aceca-411e-43a7-924f-66d657e458e7,Red,Leader
move,2018-06-08 09:04:52,1,2,50bd5251-3e33-40eb-938e-afc346cc1e8f,Red,Member
pickup,2018-06-08 09:04:52,1,1,960aceca-411e-43a7-924f-66d657e458e7,Red,Leader
move,2018-06-08 09:04:52,1,2,50bd5251-3e33-40eb-938e-afc346cc1e8f,Red,Member
discover,2018-06-08 09:04:52,1,3,1d7b4dd5-049c-4a99-9a60-e7d0b83334e2,Blue,Leader
move,2018-06-08 09:04:52,1,2,50bd5251-3e33-40eb-938e-afc346cc1e8f,Red,Member
discover,2018-06-08 09:04:53,1,3,1d7b4dd5-049c-4a99-9a60-e7d0b83334e2,Blue,Leader
move,2018-06-08 09:04:53,1,2,50bd5251-3e33-40eb-938e-afc346cc1e8f,Red,Member
test,2018-06-08 09:04:53,1,1,960aceca-411e-43a7-924f-66d657e458e7,Red,Leader
move,2018-06-08 09:04:53,1,2,50bd5251-3e33-40eb-938e-afc346cc1e8f,Red,Member
move,2018-06-08 09:04:53,1,1,960aceca-411e-43a7-924f-66d657e458e7,Red,Leader
discover,2018-06-08 09:04:53,1,3,1d7b4dd5-049c-4a99-9a60-e7d0b83334e2,Blue,Leader
move,2018-06-08 09:04:53,1,2,50bd5251-3e33-40eb-938e-afc346cc1e8f,Red,Member
move,2018-06-08 09:04:53,1,1,960aceca-411e-43a7-924f-66d657e458e7,Red,Leader
place,2018-06-08 09:04:53,1,2,50bd5251-3e33-40eb-938e-afc346cc1e8f,Red,Member
move,2018-06-08 09:04:53,1,1,960aceca-411e-43a7-924f-66d657e458e7,Red,Leader
move,2018-06-08 09:04:53,1,2,50bd5251-3e33-40eb-938e-afc346cc1e8f,Red,Member
move,2018-06-08 09:04:53,1,1,960aceca-411e-43a7-924f-66d657e458e7,Red,Leader
move,2018-06-08 09:04:53,1,2,50bd5251-3e33-40eb-938e-afc346cc1e8f,Red,Member
discover,2018-06-08 09:04:53,1,3,1d7b4dd5-049c-4a99-9a60-e7d0b83334e2,Blue,Leader
move,2018-06-08 09:04:53,1,1,960aceca-411e-43a7-924f-66d657e458e7,Red,Leader
move,2018-06-08 09:04:53,1,2,50bd5251-3e33-40eb-938e-afc346cc1e8f,Red,Member
move,2018-06-08 09:04:53,1,1,960aceca-411e-43a7-924f-66d657e458e7,Red,Leader
move,2018-06-08 09:04:53,1,2,50bd5251-3e33-40eb-938e-afc346cc1e8f,Red,Member
move,2018-06-08 09:04:53,1,1,960aceca-411e-43a7-924f-66d657e458e7,Red,Leader
move,2018-06-08 09:04:53,1,2,50bd5251-3e33-40eb-938e-afc346cc1e8f,Red,Member
move,2018-06-08 09:04:53,1,1,960aceca-411e-43a7-924f-66d657e458e7,Red,Leader
discover,2018-06-08 09:04:53,1,3,1d7b4dd5-049c-4a99-9a60-e7d0b83334e2,Blue,Leader
move,2018-06-08 09:04:53,1,2,50bd5251-3e33-40eb-938e-afc346cc1e8f,Red,Member
move,2018-06-08 09:04:53,1,1,960aceca-411e-43a7-924f-66d657e458e7,Red,Leader
move,2018-06-08 09:04:53,1,2,50bd5251-3e33-40eb-938e-afc346cc1e8f,Red,Member
move,2018-06-08 09:04:53,1,1,960aceca-411e-43a7-924f-66d657e458e7,Red,Leader
move,2018-06-08 09:04:53,1,2,50bd5251-3e33-40eb-938e-afc346cc1e8f,Red,Member
place,2018-06-08 09:04:53,1,1,960aceca-411e-43a7-924f-66d657e458e7,Red,Leader
move,2018-06-08 09:04:53,1,2,50bd5251-3e33-40eb-938e-afc346cc1e8f,Red,Member
move,2018-06-08 09:04:53,1,1,960aceca-411e-43a7-924f-66d657e458e7,Red,Leader
discover,2018-06-08 09:04:53,1,3,1d7b4dd5-049c-4a99-9a60-e7d0b83334e2,Blue,Leader
pickup,2018-06-08 09:04:53,1,2,50bd5251-3e33-40eb-938e-afc346cc1e8f,Red,Member
move,2018-06-08 09:04:53,1,1,960aceca-411e-43a7-924f-66d657e458e7,Red,Leader
discover,2018-06-08 09:04:53,1,3,1d7b4dd5-049c-4a99-9a60-e7d0b83334e2,Blue,Leader
move,2018-06-08 09:04:53,1,1,960aceca-411e-43a7-924f-66d657e458e7,Red,Leader
discover,2018-06-08 09:04:53,1,3,1d7b4dd5-049c-4a99-9a60-e7d0b83334e2,Blue,Leader
test,2018-06-08 09:04:53,1,2,50bd5251-3e33-40eb-938e-afc346cc1e8f,Red,Member
move,2018-06-08 09:04:53,1,1,960aceca-411e-43a7-924f-66d657e458e7,Red,Leader
move,2018-06-08 09:04:53,1,2,50bd5251-3e33-40eb-938e-afc346cc1e8f,Red,Member
move,2018-06-08 09:04:53,1,1,960aceca-411e-43a7-924f-66d657e458e7,Red,Leader
move,2018-06-08 09:04:53,1,2,50bd5251-3e33-40eb-938e-afc346cc1e8f,Red,Member
move,2018-06-08 09:04:53,1,1,960aceca-411e-43a7-924f-66d657e458e7,Red,Leader
move,2018-06-08 09:04:53,1,2,50bd5251-3e33-40eb-938e-afc346cc1e8f,Red,Member
move,2018-06-08 09:04:53,1,1,960aceca-411e-43a7-924f-66d657e458e7,Red,Leader
discover,2018-06-08 09:04:53,1,3,1d7b4dd5-049c-4a99-9a60-e7d0b83334e2,Blue,Leader
move,2018-06-08 09:04:53,1,2,50bd5251-3e33-40eb-938e-afc346cc1e8f,Red,Member
move,2018-06-08 09:04:53,1,1,960aceca-411e-43a7-924f-66d657e458e7,Red,Leader
move,2018-06-08 09:04:53,1,2,50bd5251-3e33-40eb-938e-afc346cc1e8f,Red,Member
move,2018-06-08 09:04:53,1,1,960aceca-411e-43a7-924f-66d657e458e7,Red,Leader
move,2018-06-08 09:04:53,1,2,50bd5251-3e33-40eb-938e-afc346cc1e8f,Red,Member
move,2018-06-08 09:04:53,1,1,960aceca-411e-43a7-924f-66d657e458e7,Red,Leader
move,2018-06-08 09:04:53,1,2,50bd5251-3e33-40eb-938e-afc346cc1e8f,Red,Member
discover,2018-06-08 09:04:53,1,3,1d7b4dd5-049c-4a99-9a60-e7d0b83334e2,Blue,Leader
move,2018-06-08 09:04:53,1,1,960aceca-411e-43a7-924f-66d657e458e7,Red,Leader
move,2018-06-08 09:04:54,1,2,50bd5251-3e33-40eb-938e-afc346cc1e8f,Red,Member
move,2018-06-08 09:04:54,1,1,960aceca-411e-43a7-924f-66d657e458e7,Red,Leader
move,2018-06-08 09:04:54,1,2,50bd5251-3e33-40eb-938e-afc346cc1e8f,Red,Member
move,2018-06-08 09:04:54,1,1,960aceca-411e-43a7-924f-66d657e458e7,Red,Leader
move,2018-06-08 09:04:54,1,2,50bd5251-3e33-40eb-938e-afc346cc1e8f,Red,Member
move,2018-06-08 09:04:54,1,1,960aceca-411e-43a7-924f-66d657e458e7,Red,Leader
discover,2018-06-08 09:04:54,1,3,1d7b4dd5-049c-4a99-9a60-e7d0b83334e2,Blue,Leader
place,2018-06-08 09:04:54,1,2,50bd5251-3e33-40eb-938e-afc346cc1e8f,Red,Member
move,2018-06-08 09:04:54,1,1,960aceca-411e-43a7-924f-66d657e458e7,Red,Leader
move,2018-06-08 09:04:54,1,2,50bd5251-3e33-40eb-938e-afc346cc1e8f,Red,Member
move,2018-06-08 09:04:54,1,1,960aceca-411e-43a7-924f-66d657e458e7,Red,Leader
move,2018-06-08 09:04:54,1,2,50bd5251-3e33-40eb-938e-afc346cc1e8f,Red,Member
discover,2018-06-08 09:04:54,1,3,1d7b4dd5-049c-4a99-9a60-e7d0b83334e2,Blue,Leader
move,2018-06-08 09:04:54,1,2,50bd5251-3e33-40eb-938e-afc346cc1e8f,Red,Member
discover,2018-06-08 09:04:54,1,3,1d7b4dd5-049c-4a99-9a60-e7d0b83334e2,Blue,Leader
place,2018-06-08 09:04:54,1,2,50bd5251-3e33-40eb-938e-afc346cc1e8f,Red,Member
discover,2018-06-08 09:04:54,1,3,1d7b4dd5-049c-4a99-9a60-e7d0b83334e2,Blue,Leader
move,2018-06-08 09:04:54,1,2,50bd5251-3e33-40eb-938e-afc346cc1e8f,Red,Member
move,2018-06-08 09:04:54,1,3,1d7b4dd5-049c-4a99-9a60-e7d0b83334e2,Blue,Leader
move,2018-06-08 09:04:54,1,2,50bd5251-3e33-40eb-938e-afc346cc1e8f,Red,Member
move,2018-06-08 09:04:54,1,3,1d7b4dd5-049c-4a99-9a60-e7d0b83334e2,Blue,Leader
move,2018-06-08 09:04:54,1,2,50bd5251-3e33-40eb-938e-afc346cc1e8f,Red,Member
move,2018-06-08 09:04:54,1,3,1d7b4dd5-049c-4a99-9a60-e7d0b83334e2,Blue,Leader
move,2018-06-08 09:04:54,1,2,50bd5251-3e33-40eb-938e-afc346cc1e8f,Red,Member
move,2018-06-08 09:04:54,1,3,1d7b4dd5-049c-4a99-9a60-e7d0b83334e2,Blue,Leader
move,2018-06-08 09:04:54,1,2,50bd5251-3e33-40eb-938e-afc346cc1e8f,Red,Member
move,2018-06-08 09:04:54,1,3,1d7b4dd5-049c-4a99-9a60-e7d0b83334e2,Blue,Leader
move,2018-06-08 09:04:54,1,2,50bd5251-3e33-40eb-938e-afc346cc1e8f,Red,Member
move,2018-06-08 09:04:54,1,3,1d7b4dd5-049c-4a99-9a60-e7d0b83334e2,Blue,Leader
move,2018-06-08 09:04:54,1,2,50bd5251-3e33-40eb-938e-afc346cc1e8f,Red,Member
move,2018-06-08 09:04:54,1,3,1d7b4dd5-049c-4a99-9a60-e7d0b83334e2,Blue,Leader
move,2018-06-08 09:04:54,1,2,50bd5251-3e33-40eb-938e-afc346cc1e8f,Red,Member
pickup,2018-06-08 09:04:54,1,3,1d7b4dd5-049c-4a99-9a60-e7d0b83334e2,Blue,Leader
move,2018-06-08 09:04:54,1,2,50bd5251-3e33-40eb-938e-afc346cc1e8f,Red,Member
move,2018-06-08 09:04:54,1,3,1d7b4dd5-049c-4a99-9a60-e7d0b83334e2,Blue,Leader
move,2018-06-08 09:04:54,1,2,50bd5251-3e33-40eb-938e-afc346cc1e8f,Red,Member
move,2018-06-08 09:04:54,1,3,1d7b4dd5-049c-4a99-9a60-e7d0b83334e2,Blue,Leader
move,2018-06-08 09:04:54,1,2,50bd5251-3e33-40eb-938e-afc346cc1e8f,Red,Member
move,2018-06-08 09:04:54,1,3,1d7b4dd5-049c-4a99-9a60-e7d0b83334e2,Blue,Leader
move,2018-06-08 09:04:54,1,2,50bd5251-3e33-40eb-938e-afc346cc1e8f,Red,Member
place,2018-06-08 09:04:54,1,3,1d7b4dd5-049c-4a99-9a60-e7d0b83334e2,Blue,Leader
move,2018-06-08 09:04:54,1,2,50bd5251-3e33-40eb-938e-afc346cc1e8f,Red,Member
move,2018-06-08 09:04:54,1,3,1d7b4dd5-049c-4a99-9a60-e7d0b83334e2,Blue,Leader
move,2018-06-08 09:04:54,1,2,50bd5251-3e33-40eb-938e-afc346cc1e8f,Red,Member
move,2018-06-08 09:04:54,1,3,1d7b4dd5-049c-4a99-9a60-e7d0b83334e2,Blue,Leader
pickup,2018-06-08 09:04:54,1,2,50bd5251-3e33-40eb-938e-afc346cc1e8f,Red,Member
move,2018-06-08 09:04:54,1,3,1d7b4dd5-049c-4a99-9a60-e7d0b83334e2,Blue,Leader
test,2018-06-08 09:04:55,1,2,50bd5251-3e33-40eb-938e-afc346cc1e8f,Red,Member
move,2018-06-08 09:04:55,1,3,1d7b4dd5-049c-4a99-9a60-e7d0b83334e2,Blue,Leader
move,2018-06-08 09:04:55,1,2,50bd5251-3e33-40eb-938e-afc346cc1e8f,Red,Member
move,2018-06-08 09:04:55,1,3,1d7b4dd5-049c-4a99-9a60-e7d0b83334e2,Blue,Leader
move,2018-06-08 09:04:55,1,2,50bd5251-3e33-40eb-938e-afc346cc1e8f,Red,Member
move,2018-06-08 09:04:55,1,3,1d7b4dd5-049c-4a99-9a60-e7d0b83334e2,Blue,Leader
move,2018-06-08 09:04:55,1,2,50bd5251-3e33-40eb-938e-afc346cc1e8f,Red,Member
move,2018-06-08 09:04:55,1,3,1d7b4dd5-049c-4a99-9a60-e7d0b83334e2,Blue,Leader
move,2018-06-08 09:04:55,1,2,50bd5251-3e33-40eb-938e-afc346cc1e8f,Red,Member
move,2018-06-08 09:04:55,1,3,1d7b4dd5-049c-4a99-9a60-e7d0b83334e2,Blue,Leader
move,2018-06-08 09:04:55,1,2,50bd5251-3e33-40eb-938e-afc346cc1e8f,Red,Member
move,2018-06-08 09:04:55,1,3,1d7b4dd5-049c-4a99-9a60-e7d0b83334e2,Blue,Leader
move,2018-06-08 09:04:55,1,2,50bd5251-3e33-40eb-938e-afc346cc1e8f,Red,Member
move,2018-06-08 09:04:55,1,3,1d7b4dd5-049c-4a99-9a60-e7d0b83334e2,Blue,Leader
move,2018-06-08 09:04:55,1,2,50bd5251-3e33-40eb-938e-afc346cc1e8f,Red,Member
move,2018-06-08 09:04:55,1,3,1d7b4dd5-049c-4a99-9a60-e7d0b83334e2,Blue,Leader
move,2018-06-08 09:04:55,1,2,50bd5251-3e33-40eb-938e-afc346cc1e8f,Red,Member
move,2018-06-08 09:04:55,1,3,1d7b4dd5-049c-4a99-9a60-e7d0b83334e2,Blue,Leader
move,2018-06-08 09:04:55,1,2,50bd5251-3e33-40eb-938e-afc346cc1e8f,Red,Member
move,2018-06-08 09:04:55,1,3,1d7b4dd5-049c-4a99-9a60-e7d0b83334e2,Blue,Leader
place,2018-06-08 09:04:55,1,2,50bd5251-3e33-40eb-938e-afc346cc1e8f,Red,Member
move,2018-06-08 09:04:55,1,3,1d7b4dd5-049c-4a99-9a60-e7d0b83334e2,Blue,Leader
move,2018-06-08 09:04:55,1,2,50bd5251-3e33-40eb-938e-afc346cc1e8f,Red,Member
move,2018-06-08 09:04:55,1,3,1d7b4dd5-049c-4a99-9a60-e7d0b83334e2,Blue,Leader
move,2018-06-08 09:04:55,1,2,50bd5251-3e33-40eb-938e-afc346cc1e8f,Red,Member
move,2018-06-08 09:04:55,1,3,1d7b4dd5-049c-4a99-9a60-e7d0b83334e2,Blue,Leader
move,2018-06-08 09:04:55,1,2,50bd5251-3e33-40eb-938e-afc346cc1e8f,Red,Member
pickup,2018-06-08 09:04:55,1,3,1d7b4dd5-049c-4a99-9a60-e7d0b83334e2,Blue,Leader
move,2018-06-08 09:04:55,1,2,50bd5251-3e33-40eb-938e-afc346cc1e8f,Red,Member
move,2018-06-08 09:04:55,1,3,1d7b4dd5-049c-4a99-9a60-e7d0b83334e2,Blue,Leader
move,2018-06-08 09:04:55,1,2,50bd5251-3e33-40eb-938e-afc346cc1e8f,Red,Member
move,2018-06-08 09:04:55,1,3,1d7b4dd5-049c-4a99-9a60-e7d0b83334e2,Blue,Leader
move,2018-06-08 09:04:55,1,2,50bd5251-3e33-40eb-938e-afc346cc1e8f,Red,Member
move,2018-06-08 09:04:55,1,3,1d7b4dd5-049c-4a99-9a60-e7d0b83334e2,Blue,Leader
move,2018-06-08 09:04:55,1,2,50bd5251-3e33-40eb-938e-afc346cc1e8f,Red,Member
move,2018-06-08 09:04:55,1,3,1d7b4dd5-049c-4a99-9a60-e7d0b83334e2,Blue,Leader
pickup,2018-06-08 09:04:55,1,2,50bd5251-3e33-40eb-938e-afc346cc1e8f,Red,Member
move,2018-06-08 09:04:55,1,3,1d7b4dd5-049c-4a99-9a60-e7d0b83334e2,Blue,Leader
test,2018-06-08 09:04:55,1,2,50bd5251-3e33-40eb-938e-afc346cc1e8f,Red,Member
move,2018-06-08 09:04:55,1,3,1d7b4dd5-049c-4a99-9a60-e7d0b83334e2,Blue,Leader
move,2018-06-08 09:04:55,1,2,50bd5251-3e33-40eb-938e-afc346cc1e8f,Red,Member
move,2018-06-08 09:04:55,1,3,1d7b4dd5-049c-4a99-9a60-e7d0b83334e2,Blue,Leader
move,2018-06-08 09:04:55,1,2,50bd5251-3e33-40eb-938e-afc346cc1e8f,Red,Member
move,2018-06-08 09:04:55,1,3,1d7b4dd5-049c-4a99-9a60-e7d0b83334e2,Blue,Leader
move,2018-06-08 09:04:55,1,2,50bd5251-3e33-40eb-938e-afc346cc1e8f,Red,Member
place,2018-06-08 09:04:55,1,3,1d7b4dd5-049c-4a99-9a60-e7d0b83334e2,Blue,Leader
move,2018-06-08 09:04:55,1,2,50bd5251-3e33-40eb-938e-afc346cc1e8f,Red,Member
move,2018-06-08 09:04:55,1,3,1d7b4dd5-049c-4a99-9a60-e7d0b83334e2,Blue,Leader
move,2018-06-08 09:04:55,1,2,50bd5251-3e33-40eb-938e-afc346cc1e8f,Red,Member
move,2018-06-08 09:04:56,1,3,1d7b4dd5-049c-4a99-9a60-e7d0b83334e2,Blue,Leader
move,2018-06-08 09:04:56,1,2,50bd5251-3e33-40eb-938e-afc346cc1e8f,Red,Member
move,2018-06-08 09:04:56,1,3,1d7b4dd5-049c-4a99-9a60-e7d0b83334e2,Blue,Leader
move,2018-06-08 09:04:56,1,2,50bd5251-3e33-40eb-938e-afc346cc1e8f,Red,Member
pickup,2018-06-08 09:04:56,1,3,1d7b4dd5-049c-4a99-9a60-e7d0b83334e2,Blue,Leader
move,2018-06-08 09:04:56,1,2,50bd5251-3e33-40eb-938e-afc346cc1e8f,Red,Member
move,2018-06-08 09:04:56,1,3,1d7b4dd5-049c-4a99-9a60-e7d0b83334e2,Blue,Leader
place,2018-06-08 09:04:56,1,2,50bd5251-3e33-40eb-938e-afc346cc1e8f,Red,Member
move,2018-06-08 09:04:56,1,3,1d7b4dd5-049c-4a99-9a60-e7d0b83334e2,Blue,Leader
move,2018-06-08 09:04:56,1,2,50bd5251-3e33-40eb-938e-afc346cc1e8f,Red,Member
move,2018-06-08 09:04:56,1,3,1d7b4dd5-049c-4a99-9a60-e7d0b83334e2,Blue,Leader
move,2018-06-08 09:04:56,1,2,50bd5251-3e33-40eb-938e-afc346cc1e8f,Red,Member
move,2018-06-08 09:04:56,1,3,1d7b4dd5-049c-4a99-9a60-e7d0b83334e2,Blue,Leader
move,2018-06-08 09:04:56,1,2,50bd5251-3e33-40eb-938e-afc346cc1e8f,Red,Member
move,2018-06-08 09:04:56,1,3,1d7b4dd5-049c-4a99-9a60-e7d0b83334e2,Blue,Leader
move,2018-06-08 09:04:56,1,2,50bd5251-3e33-40eb-938e-afc346cc1e8f,Red,Member
move,2018-06-08 09:04:56,1,3,1d7b4dd5-049c-4a99-9a60-e7d0b83334e2,Blue,Leader
move,2018-06-08 09:04:56,1,2,50bd5251-3e33-40eb-938e-afc346cc1e8f,Red,Member
place,2018-06-08 09:04:56,1,3,1d7b4dd5-049c-4a99-9a60-e7d0b83334e2,Blue,Leader
move,2018-06-08 09:04:56,1,2,50bd5251-3e33-40eb-938e-afc346cc1e8f,Red,Member
move,2018-06-08 09:04:56,1,3,1d7b4dd5-049c-4a99-9a60-e7d0b83334e2,Blue,Leader
pickup,2018-06-08 09:04:56,1,2,50bd5251-3e33-40eb-938e-afc346cc1e8f,Red,Member
move,2018-06-08 09:04:56,1,3,1d7b4dd5-049c-4a99-9a60-e7d0b83334e2,Blue,Leader
test,2018-06-08 09:04:56,1,2,50bd5251-3e33-40eb-938e-afc346cc1e8f,Red,Member
move,2018-06-08 09:04:56,1,3,1d7b4dd5-049c-4a99-9a60-e7d0b83334e2,Blue,Leader
move,2018-06-08 09:04:56,1,2,50bd5251-3e33-40eb-938e-afc346cc1e8f,Red,Member
pickup,2018-06-08 09:04:56,1,3,1d7b4dd5-049c-4a99-9a60-e7d0b83334e2,Blue,Leader
move,2018-06-08 09:04:56,1,2,50bd5251-3e33-40eb-938e-afc346cc1e8f,Red,Member
move,2018-06-08 09:04:56,1,3,1d7b4dd5-049c-4a99-9a60-e7d0b83334e2,Blue,Leader
move,2018-06-08 09:04:56,1,2,50bd5251-3e33-40eb-938e-afc346cc1e8f,Red,Member
move,2018-06-08 09:04:56,1,3,1d7b4dd5-049c-4a99-9a60-e7d0b83334e2,Blue,Leader
move,2018-06-08 09:04:56,1,2,50bd5251-3e33-40eb-938e-afc346cc1e8f,Red,Member
move,2018-06-08 09:04:56,1,3,1d7b4dd5-049c-4a99-9a60-e7d0b83334e2,Blue,Leader
move,2018-06-08 09:04:56,1,2,50bd5251-3e33-40eb-938e-afc346cc1e8f,Red,Member
move,2018-06-08 09:04:56,1,3,1d7b4dd5-049c-4a99-9a60-e7d0b83334e2,Blue,Leader
move,2018-06-08 09:04:56,1,2,50bd5251-3e33-40eb-938e-afc346cc1e8f,Red,Member
place,2018-06-08 09:04:56,1,3,1d7b4dd5-049c-4a99-9a60-e7d0b83334e2,Blue,Leader
move,2018-06-08 09:04:56,1,2,50bd5251-3e33-40eb-938e-afc346cc1e8f,Red,Member
move,2018-06-08 09:04:56,1,3,1d7b4dd5-049c-4a99-9a60-e7d0b83334e2,Blue,Leader
place,2018-06-08 09:04:56,1,2,50bd5251-3e33-40eb-938e-afc346cc1e8f,Red,Member
move,2018-06-08 09:04:56,1,3,1d7b4dd5-049c-4a99-9a60-e7d0b83334e2,Blue,Leader
move,2018-06-08 09:04:56,1,2,50bd5251-3e33-40eb-938e-afc346cc1e8f,Red,Member
move,2018-06-08 09:04:56,1,3,1d7b4dd5-049c-4a99-9a60-e7d0b83334e2,Blue,Leader
move,2018-06-08 09:04:56,1,2,50bd5251-3e33-40eb-938e-afc346cc1e8f,Red,Member
move,2018-06-08 09:04:56,1,3,1d7b4dd5-049c-4a99-9a60-e7d0b83334e2,Blue,Leader
move,2018-06-08 09:04:56,1,2,50bd5251-3e33-40eb-938e-afc346cc1e8f,Red,Member
move,2018-06-08 09:04:56,1,3,1d7b4dd5-049c-4a99-9a60-e7d0b83334e2,Blue,Leader
move,2018-06-08 09:04:56,1,2,50bd5251-3e33-40eb-938e-afc346cc1e8f,Red,Member
move,2018-06-08 09:04:56,1,3,1d7b4dd5-049c-4a99-9a60-e7d0b83334e2,Blue,Leader
move,2018-06-08 09:04:56,1,2,50bd5251-3e33-40eb-938e-afc346cc1e8f,Red,Member
move,2018-06-08 09:04:56,1,3,1d7b4dd5-049c-4a99-9a60-e7d0b83334e2,Blue,Leader
pickup,2018-06-08 09:04:56,1,2,50bd5251-3e33-40eb-938e-afc346cc1e8f,Red,Member
move,2018-06-08 09:04:57,1,3,1d7b4dd5-049c-4a99-9a60-e7d0b83334e2,Blue,Leader
test,2018-06-08 09:04:57,1,2,50bd5251-3e33-40eb-938e-afc346cc1e8f,Red,Member
move,2018-06-08 09:04:57,1,3,1d7b4dd5-049c-4a99-9a60-e7d0b83334e2,Blue,Leader
move,2018-06-08 09:04:57,1,2,50bd5251-3e33-40eb-938e-afc346cc1e8f,Red,Member
move,2018-06-08 09:04:57,1,3,1d7b4dd5-049c-4a99-9a60-e7d0b83334e2,Blue,Leader
move,2018-06-08 09:04:57,1,2,50bd5251-3e33-40eb-938e-afc346cc1e8f,Red,Member
move,2018-06-08 09:04:57,1,3,1d7b4dd5-049c-4a99-9a60-e7d0b83334e2,Blue,Leader
move,2018-06-08 09:04:57,1,2,50bd5251-3e33-40eb-938e-afc346cc1e8f,Red,Member
move,2018-06-08 09:04:57,1,3,1d7b4dd5-049c-4a99-9a60-e7d0b83334e2,Blue,Leader
move,2018-06-08 09:04:57,1,2,50bd5251-3e33-40eb-938e-afc346cc1e8f,Red,Member
move,2018-06-08 09:04:57,1,3,1d7b4dd5-049c-4a99-9a60-e7d0b83334e2,Blue,Leader
move,2018-06-08 09:04:57,1,2,50bd5251-3e33-40eb-938e-afc346cc1e8f,Red,Member
move,2018-06-08 09:04:57,1,3,1d7b4dd5-049c-4a99-9a60-e7d0b83334e2,Blue,Leader
move,2018-06-08 09:04:57,1,2,50bd5251-3e33-40eb-938e-afc346cc1e8f,Red,Member
move,2018-06-08 09:04:57,1,3,1d7b4dd5-049c-4a99-9a60-e7d0b83334e2,Blue,Leader
place,2018-06-08 09:04:57,1,2,50bd5251-3e33-40eb-938e-afc346cc1e8f,Red,Member
move,2018-06-08 09:04:57,1,3,1d7b4dd5-049c-4a99-9a60-e7d0b83334e2,Blue,Leader
move,2018-06-08 09:04:57,1,2,50bd5251-3e33-40eb-938e-afc346cc1e8f,Red,Member
move,2018-06-08 09:04:57,1,3,1d7b4dd5-049c-4a99-9a60-e7d0b83334e2,Blue,Leader
move,2018-06-08 09:04:57,1,2,50bd5251-3e33-40eb-938e-afc346cc1e8f,Red,Member
pickup,2018-06-08 09:04:57,1,3,1d7b4dd5-049c-4a99-9a60-e7d0b83334e2,Blue,Leader
move,2018-06-08 09:04:57,1,2,50bd5251-3e33-40eb-938e-afc346cc1e8f,Red,Member
move,2018-06-08 09:04:57,1,3,1d7b4dd5-049c-4a99-9a60-e7d0b83334e2,Blue,Leader
move,2018-06-08 09:04:57,1,2,50bd5251-3e33-40eb-938e-afc346cc1e8f,Red,Member
move,2018-06-08 09:04:57,1,3,1d7b4dd5-049c-4a99-9a60-e7d0b83334e2,Blue,Leader
move,2018-06-08 09:04:57,1,2,50bd5251-3e33-40eb-938e-afc346cc1e8f,Red,Member
move,2018-06-08 09:04:57,1,3,1d7b4dd5-049c-4a99-9a60-e7d0b83334e2,Blue,Leader
move,2018-06-08 09:04:57,1,2,50bd5251-3e33-40eb-938e-afc346cc1e8f,Red,Member
move,2018-06-08 09:04:57,1,3,1d7b4dd5-049c-4a99-9a60-e7d0b83334e2,Blue,Leader
move,2018-06-08 09:04:57,1,2,50bd5251-3e33-40eb-938e-afc346cc1e8f,Red,Member
move,2018-06-08 09:04:57,1,3,1d7b4dd5-049c-4a99-9a60-e7d0b83334e2,Blue,Leader
pickup,2018-06-08 09:04:57,1,2,50bd5251-3e33-40eb-938e-afc346cc1e8f,Red,Member
place,2018-06-08 09:04:57,1,3,1d7b4dd5-049c-4a99-9a60-e7d0b83334e2,Blue,Leader
test,2018-06-08 09:04:57,1,2,50bd5251-3e33-40eb-938e-afc346cc1e8f,Red,Member
move,2018-06-08 09:04:57,1,3,1d7b4dd5-049c-4a99-9a60-e7d0b83334e2,Blue,Leader
move,2018-06-08 09:04:57,1,2,50bd5251-3e33-40eb-938e-afc346cc1e8f,Red,Member
move,2018-06-08 09:04:57,1,3,1d7b4dd5-049c-4a99-9a60-e7d0b83334e2,Blue,Leader
move,2018-06-08 09:04:57,1,2,50bd5251-3e33-40eb-938e-afc346cc1e8f,Red,Member
move,2018-06-08 09:04:57,1,3,1d7b4dd5-049c-4a99-9a60-e7d0b83334e2,Blue,Leader
move,2018-06-08 09:04:57,1,2,50bd5251-3e33-40eb-938e-afc346cc1e8f,Red,Member
move,2018-06-08 09:04:57,1,3,1d7b4dd5-049c-4a99-9a60-e7d0b83334e2,Blue,Leader
move,2018-06-08 09:04:57,1,2,50bd5251-3e33-40eb-938e-afc346cc1e8f,Red,Member
move,2018-06-08 09:04:58,1,3,1d7b4dd5-049c-4a99-9a60-e7d0b83334e2,Blue,Leader
move,2018-06-08 09:04:58,1,2,50bd5251-3e33-40eb-938e-afc346cc1e8f,Red,Member
move,2018-06-08 09:04:58,1,3,1d7b4dd5-049c-4a99-9a60-e7d0b83334e2,Blue,Leader
move,2018-06-08 09:04:58,1,2,50bd5251-3e33-40eb-938e-afc346cc1e8f,Red,Member
move,2018-06-08 09:04:58,1,3,1d7b4dd5-049c-4a99-9a60-e7d0b83334e2,Blue,Leader
move,2018-06-08 09:04:58,1,2,50bd5251-3e33-40eb-938e-afc346cc1e8f,Red,Member
move,2018-06-08 09:04:58,1,3,1d7b4dd5-049c-4a99-9a60-e7d0b83334e2,Blue,Leader
move,2018-06-08 09:04:58,1,2,50bd5251-3e33-40eb-938e-afc346cc1e8f,Red,Member
move,2018-06-08 09:04:58,1,3,1d7b4dd5-049c-4a99-9a60-e7d0b83334e2,Blue,Leader
place,2018-06-08 09:04:58,1,2,50bd5251-3e33-40eb-938e-afc346cc1e8f,Red,Member
move,2018-06-08 09:04:58,1,3,1d7b4dd5-049c-4a99-9a60-e7d0b83334e2,Blue,Leader
move,2018-06-08 09:04:58,1,2,50bd5251-3e33-40eb-938e-afc346cc1e8f,Red,Member
move,2018-06-08 09:04:58,1,3,1d7b4dd5-049c-4a99-9a60-e7d0b83334e2,Blue,Leader
move,2018-06-08 09:04:58,1,2,50bd5251-3e33-40eb-938e-afc346cc1e8f,Red,Member
move,2018-06-08 09:04:58,1,3,1d7b4dd5-049c-4a99-9a60-e7d0b83334e2,Blue,Leader
move,2018-06-08 09:04:58,1,2,50bd5251-3e33-40eb-938e-afc346cc1e8f,Red,Member
move,2018-06-08 09:04:58,1,3,1d7b4dd5-049c-4a99-9a60-e7d0b83334e2,Blue,Leader
move,2018-06-08 09:04:58,1,2,50bd5251-3e33-40eb-938e-afc346cc1e8f,Red,Member
pickup,2018-06-08 09:04:58,1,3,1d7b4dd5-049c-4a99-9a60-e7d0b83334e2,Blue,Leader
move,2018-06-08 09:04:58,1,2,50bd5251-3e33-40eb-938e-afc346cc1e8f,Red,Member
move,2018-06-08 09:04:58,1,3,1d7b4dd5-049c-4a99-9a60-e7d0b83334e2,Blue,Leader
move,2018-06-08 09:04:58,1,2,50bd5251-3e33-40eb-938e-afc346cc1e8f,Red,Member
move,2018-06-08 09:04:58,1,3,1d7b4dd5-049c-4a99-9a60-e7d0b83334e2,Blue,Leader
move,2018-06-08 09:04:58,1,2,50bd5251-3e33-40eb-938e-afc346cc1e8f,Red,Member
move,2018-06-08 09:04:58,1,3,1d7b4dd5-049c-4a99-9a60-e7d0b83334e2,Blue,Leader
pickup,2018-06-08 09:04:58,1,2,50bd5251-3e33-40eb-938e-afc346cc1e8f,Red,Member
move,2018-06-08 09:04:58,1,3,1d7b4dd5-049c-4a99-9a60-e7d0b83334e2,Blue,Leader
test,2018-06-08 09:04:58,1,2,50bd5251-3e33-40eb-938e-afc346cc1e8f,Red,Member
move,2018-06-08 09:04:58,1,3,1d7b4dd5-049c-4a99-9a60-e7d0b83334e2,Blue,Leader
move,2018-06-08 09:04:58,1,2,50bd5251-3e33-40eb-938e-afc346cc1e8f,Red,Member
move,2018-06-08 09:04:58,1,3,1d7b4dd5-049c-4a99-9a60-e7d0b83334e2,Blue,Leader
move,2018-06-08 09:04:58,1,2,50bd5251-3e33-40eb-938e-afc346cc1e8f,Red,Member
move,2018-06-08 09:04:58,1,3,1d7b4dd5-049c-4a99-9a60-e7d0b83334e2,Blue,Leader
move,2018-06-08 09:04:58,1,2,50bd5251-3e33-40eb-938e-afc346cc1e8f,Red,Member
move,2018-06-08 09:04:58,1,3,1d7b4dd5-049c-4a99-9a60-e7d0b83334e2,Blue,Leader
move,2018-06-08 09:04:58,1,2,50bd5251-3e33-40eb-938e-afc346cc1e8f,Red,Member
move,2018-06-08 09:04:58,1,3,1d7b4dd5-049c-4a99-9a60-e7d0b83334e2,Blue,Leader
move,2018-06-08 09:04:58,1,2,50bd5251-3e33-40eb-938e-afc346cc1e8f,Red,Member
move,2018-06-08 09:04:58,1,3,1d7b4dd5-049c-4a99-9a60-e7d0b83334e2,Blue,Leader
move,2018-06-08 09:04:58,1,2,50bd5251-3e33-40eb-938e-afc346cc1e8f,Red,Member
move,2018-06-08 09:04:58,1,3,1d7b4dd5-049c-4a99-9a60-e7d0b83334e2,Blue,Leader
move,2018-06-08 09:04:58,1,2,50bd5251-3e33-40eb-938e-afc346cc1e8f,Red,Member
move,2018-06-08 09:04:58,1,3,1d7b4dd5-049c-4a99-9a60-e7d0b83334e2,Blue,Leader
move,2018-06-08 09:04:58,1,2,50bd5251-3e33-40eb-938e-afc346cc1e8f,Red,Member
place,2018-06-08 09:04:58,1,3,1d7b4dd5-049c-4a99-9a60-e7d0b83334e2,Blue,Leader
place,2018-06-08 09:04:58,1,2,50bd5251-3e33-40eb-938e-afc346cc1e8f,Red,Member
move,2018-06-08 09:04:58,1,3,1d7b4dd5-049c-4a99-9a60-e7d0b83334e2,Blue,Leader
move,2018-06-08 09:04:58,1,2,50bd5251-3e33-40eb-938e-afc346cc1e8f,Red,Member
move,2018-06-08 09:04:58,1,3,1d7b4dd5-049c-4a99-9a60-e7d0b83334e2,Blue,Leader
move,2018-06-08 09:04:58,1,2,50bd5251-3e33-40eb-938e-afc346cc1e8f,Red,Member
move,2018-06-08 09:04:58,1,3,1d7b4dd5-049c-4a99-9a60-e7d0b83334e2,Blue,Leader
move,2018-06-08 09:04:58,1,2,50bd5251-3e33-40eb-938e-afc346cc1e8f,Red,Member
move,2018-06-08 09:04:59,1,3,1d7b4dd5-049c-4a99-9a60-e7d0b83334e2,Blue,Leader
move,2018-06-08 09:04:59,1,2,50bd5251-3e33-40eb-938e-afc346cc1e8f,Red,Member
pickup,2018-06-08 09:04:59,1,3,1d7b4dd5-049c-4a99-9a60-e7d0b83334e2,Blue,Leader
move,2018-06-08 09:04:59,1,2,50bd5251-3e33-40eb-938e-afc346cc1e8f,Red,Member
move,2018-06-08 09:04:59,1,3,1d7b4dd5-049c-4a99-9a60-e7d0b83334e2,Blue,Leader
move,2018-06-08 09:04:59,1,2,50bd5251-3e33-40eb-938e-afc346cc1e8f,Red,Member
move,2018-06-08 09:04:59,1,3,1d7b4dd5-049c-4a99-9a60-e7d0b83334e2,Blue,Leader
move,2018-06-08 09:04:59,1,2,50bd5251-3e33-40eb-938e-afc346cc1e8f,Red,Member
move,2018-06-08 09:04:59,1,3,1d7b4dd5-049c-4a99-9a60-e7d0b83334e2,Blue,Leader
move,2018-06-08 09:04:59,1,2,50bd5251-3e33-40eb-938e-afc346cc1e8f,Red,Member
move,2018-06-08 09:04:59,1,3,1d7b4dd5-049c-4a99-9a60-e7d0b83334e2,Blue,Leader
move,2018-06-08 09:04:59,1,2,50bd5251-3e33-40eb-938e-afc346cc1e8f,Red,Member
move,2018-06-08 09:04:59,1,3,1d7b4dd5-049c-4a99-9a60-e7d0b83334e2,Blue,Leader
move,2018-06-08 09:04:59,1,2,50bd5251-3e33-40eb-938e-afc346cc1e8f,Red,Member
place,2018-06-08 09:04:59,1,3,1d7b4dd5-049c-4a99-9a60-e7d0b83334e2,Blue,Leader
move,2018-06-08 09:04:59,1,2,50bd5251-3e33-40eb-938e-afc346cc1e8f,Red,Member
move,2018-06-08 09:04:59,1,3,1d7b4dd5-049c-4a99-9a60-e7d0b83334e2,Blue,Leader
pickup,2018-06-08 09:04:59,1,2,50bd5251-3e33-40eb-938e-afc346cc1e8f,Red,Member
move,2018-06-08 09:04:59,1,3,1d7b4dd5-049c-4a99-9a60-e7d0b83334e2,Blue,Leader
test,2018-06-08 09:04:59,1,2,50bd5251-3e33-40eb-938e-afc346cc1e8f,Red,Member
move,2018-06-08 09:04:59,1,3,1d7b4dd5-049c-4a99-9a60-e7d0b83334e2,Blue,Leader
move,2018-06-08 09:04:59,1,2,50bd5251-3e33-40eb-938e-afc346cc1e8f,Red,Member
move,2018-06-08 09:04:59,1,3,1d7b4dd5-049c-4a99-9a60-e7d0b83334e2,Blue,Leader
move,2018-06-08 09:04:59,1,2,50bd5251-3e33-40eb-938e-afc346cc1e8f,Red,Member
move,2018-06-08 09:04:59,1,3,1d7b4dd5-049c-4a99-9a60-e7d0b83334e2,Blue,Leader
move,2018-06-08 09:04:59,1,2,50bd5251-3e33-40eb-938e-afc346cc1e8f,Red,Member
move,2018-06-08 09:04:59,1,3,1d7b4dd5-049c-4a99-9a60-e7d0b83334e2,Blue,Leader
move,2018-06-08 09:04:59,1,2,50bd5251-3e33-40eb-938e-afc346cc1e8f,Red,Member
move,2018-06-08 09:04:59,1,3,1d7b4dd5-049c-4a99-9a60-e7d0b83334e2,Blue,Leader
move,2018-06-08 09:04:59,1,2,50bd5251-3e33-40eb-938e-afc346cc1e8f,Red,Member
move,2018-06-08 09:04:59,1,3,1d7b4dd5-049c-4a99-9a60-e7d0b83334e2,Blue,Leader
move,2018-06-08 09:04:59,1,2,50bd5251-3e33-40eb-938e-afc346cc1e8f,Red,Member
move,2018-06-08 09:04:59,1,3,1d7b4dd5-049c-4a99-9a60-e7d0b83334e2,Blue,Leader
place,2018-06-08 09:04:59,1,2,50bd5251-3e33-40eb-938e-afc346cc1e8f,Red,Member
move,2018-06-08 09:04:59,1,3,1d7b4dd5-049c-4a99-9a60-e7d0b83334e2,Blue,Leader
move,2018-06-08 09:04:59,1,2,50bd5251-3e33-40eb-938e-afc346cc1e8f,Red,Member
move,2018-06-08 09:04:59,1,3,1d7b4dd5-049c-4a99-9a60-e7d0b83334e2,Blue,Leader
move,2018-06-08 09:04:59,1,2,50bd5251-3e33-40eb-938e-afc346cc1e8f,Red,Member
pickup,2018-06-08 09:04:59,1,3,1d7b4dd5-049c-4a99-9a60-e7d0b83334e2,Blue,Leader
move,2018-06-08 09:04:59,1,2,50bd5251-3e33-40eb-938e-afc346cc1e8f,Red,Member
move,2018-06-08 09:04:59,1,3,1d7b4dd5-049c-4a99-9a60-e7d0b83334e2,Blue,Leader
move,2018-06-08 09:04:59,1,2,50bd5251-3e33-40eb-938e-afc346cc1e8f,Red,Member
move,2018-06-08 09:04:59,1,3,1d7b4dd5-049c-4a99-9a60-e7d0b83334e2,Blue,Leader
pickup,2018-06-08 09:04:59,1,2,50bd5251-3e33-40eb-938e-afc346cc1e8f,Red,Member
move,2018-06-08 09:04:59,1,3,1d7b4dd5-049c-4a99-9a60-e7d0b83334e2,Blue,Leader
test,2018-06-08 09:05:00,1,2,50bd5251-3e33-40eb-938e-afc346cc1e8f,Red,Member
move,2018-06-08 09:05:00,1,3,1d7b4dd5-049c-4a99-9a60-e7d0b83334e2,Blue,Leader
move,2018-06-08 09:05:00,1,2,50bd5251-3e33-40eb-938e-afc346cc1e8f,Red,Member
move,2018-06-08 09:05:00,1,3,1d7b4dd5-049c-4a99-9a60-e7d0b83334e2,Blue,Leader
move,2018-06-08 09:05:00,1,2,50bd5251-3e33-40eb-938e-afc346cc1e8f,Red,Member
move,2018-06-08 09:05:00,1,3,1d7b4dd5-049c-4a99-9a60-e7d0b83334e2,Blue,Leader
move,2018-06-08 09:05:00,1,2,50bd5251-3e33-40eb-938e-afc346cc1e8f,Red,Member
move,2018-06-08 09:05:00,1,3,1d7b4dd5-049c-4a99-9a60-e7d0b83334e2,Blue,Leader
move,2018-06-08 09:05:00,1,2,50bd5251-3e33-40eb-938e-afc346cc1e8f,Red,Member
move,2018-06-08 09:05:00,1,3,1d7b4dd5-049c-4a99-9a60-e7d0b83334e2,Blue,Leader
move,2018-06-08 09:05:00,1,2,50bd5251-3e33-40eb-938e-afc346cc1e8f,Red,Member
move,2018-06-08 09:05:00,1,3,1d7b4dd5-049c-4a99-9a60-e7d0b83334e2,Blue,Leader
place,2018-06-08 09:05:00,1,2,50bd5251-3e33-40eb-938e-afc346cc1e8f,Red,Member
move,2018-06-08 09:05:00,1,3,1d7b4dd5-049c-4a99-9a60-e7d0b83334e2,Blue,Leader
move,2018-06-08 09:05:00,1,2,50bd5251-3e33-40eb-938e-afc346cc1e8f,Red,Member
move,2018-06-08 09:05:00,1,3,1d7b4dd5-049c-4a99-9a60-e7d0b83334e2,Blue,Leader
move,2018-06-08 09:05:00,1,2,50bd5251-3e33-40eb-938e-afc346cc1e8f,Red,Member
move,2018-06-08 09:05:00,1,3,1d7b4dd5-049c-4a99-9a60-e7d0b83334e2,Blue,Leader
move,2018-06-08 09:05:00,1,2,50bd5251-3e33-40eb-938e-afc346cc1e8f,Red,Member
move,2018-06-08 09:05:00,1,3,1d7b4dd5-049c-4a99-9a60-e7d0b83334e2,Blue,Leader
move,2018-06-08 09:05:00,1,2,50bd5251-3e33-40eb-938e-afc346cc1e8f,Red,Member
move,2018-06-08 09:05:00,1,3,1d7b4dd5-049c-4a99-9a60-e7d0b83334e2,Blue,Leader
move,2018-06-08 09:05:00,1,2,50bd5251-3e33-40eb-938e-afc346cc1e8f,Red,Member
move,2018-06-08 09:05:00,1,3,1d7b4dd5-049c-4a99-9a60-e7d0b83334e2,Blue,Leader
move,2018-06-08 09:05:00,1,2,50bd5251-3e33-40eb-938e-afc346cc1e8f,Red,Member
move,2018-06-08 09:05:00,1,3,1d7b4dd5-049c-4a99-9a60-e7d0b83334e2,Blue,Leader
move,2018-06-08 09:05:00,1,2,50bd5251-3e33-40eb-938e-afc346cc1e8f,Red,Member
move,2018-06-08 09:05:00,1,3,1d7b4dd5-049c-4a99-9a60-e7d0b83334e2,Blue,Leader
move,2018-06-08 09:05:00,1,2,50bd5251-3e33-40eb-938e-afc346cc1e8f,Red,Member
move,2018-06-08 09:05:00,1,3,1d7b4dd5-049c-4a99-9a60-e7d0b83334e2,Blue,Leader
move,2018-06-08 09:05:00,1,2,50bd5251-3e33-40eb-938e-afc346cc1e8f,Red,Member
move,2018-06-08 09:05:00,1,3,1d7b4dd5-049c-4a99-9a60-e7d0b83334e2,Blue,Leader
pickup,2018-06-08 09:05:00,1,2,50bd5251-3e33-40eb-938e-afc346cc1e8f,Red,Member
move,2018-06-08 09:05:00,1,3,1d7b4dd5-049c-4a99-9a60-e7d0b83334e2,Blue,Leader
test,2018-06-08 09:05:00,1,2,50bd5251-3e33-40eb-938e-afc346cc1e8f,Red,Member
move,2018-06-08 09:05:00,1,3,1d7b4dd5-049c-4a99-9a60-e7d0b83334e2,Blue,Leader
move,2018-06-08 09:05:00,1,2,50bd5251-3e33-40eb-938e-afc346cc1e8f,Red,Member
move,2018-06-08 09:05:00,1,3,1d7b4dd5-049c-4a99-9a60-e7d0b83334e2,Blue,Leader
move,2018-06-08 09:05:00,1,2,50bd5251-3e33-40eb-938e-afc346cc1e8f,Red,Member
move,2018-06-08 09:05:00,1,3,1d7b4dd5-049c-4a99-9a60-e7d0b83334e2,Blue,Leader
move,2018-06-08 09:05:00,1,2,50bd5251-3e33-40eb-938e-afc346cc1e8f,Red,Member
move,2018-06-08 09:05:00,1,3,1d7b4dd5-049c-4a99-9a60-e7d0b83334e2,Blue,Leader
move,2018-06-08 09:05:00,1,2,50bd5251-3e33-40eb-938e-afc346cc1e8f,Red,Member
move,2018-06-08 09:05:00,1,3,1d7b4dd5-049c-4a99-9a60-e7d0b83334e2,Blue,Leader
place,2018-06-08 09:05:00,1,2,50bd5251-3e33-40eb-938e-afc346cc1e8f,Red,Member
move,2018-06-08 09:05:00,1,3,1d7b4dd5-049c-4a99-9a60-e7d0b83334e2,Blue,Leader
move,2018-06-08 09:05:00,1,2,50bd5251-3e33-40eb-938e-afc346cc1e8f,Red,Member
move,2018-06-08 09:05:00,1,3,1d7b4dd5-049c-4a99-9a60-e7d0b83334e2,Blue,Leader
move,2018-06-08 09:05:01,1,2,50bd5251-3e33-40eb-938e-afc346cc1e8f,Red,Member
move,2018-06-08 09:05:01,1,3,1d7b4dd5-049c-4a99-9a60-e7d0b83334e2,Blue,Leader
move,2018-06-08 09:05:01,1,2,50bd5251-3e33-40eb-938e-afc346cc1e8f,Red,Member
move,2018-06-08 09:05:01,1,3,1d7b4dd5-049c-4a99-9a60-e7d0b83334e2,Blue,Leader
move,2018-06-08 09:05:01,1,2,50bd5251-3e33-40eb-938e-afc346cc1e8f,Red,Member
move,2018-06-08 09:05:01,1,3,1d7b4dd5-049c-4a99-9a60-e7d0b83334e2,Blue,Leader
move,2018-06-08 09:05:01,1,2,50bd5251-3e33-40eb-938e-afc346cc1e8f,Red,Member
move,2018-06-08 09:05:01,1,3,1d7b4dd5-049c-4a99-9a60-e7d0b83334e2,Blue,Leader
move,2018-06-08 09:05:01,1,2,50bd5251-3e33-40eb-938e-afc346cc1e8f,Red,Member
move,2018-06-08 09:05:01,1,3,1d7b4dd5-049c-4a99-9a60-e7d0b83334e2,Blue,Leader
move,2018-06-08 09:05:01,1,2,50bd5251-3e33-40eb-938e-afc346cc1e8f,Red,Member
move,2018-06-08 09:05:01,1,3,1d7b4dd5-049c-4a99-9a60-e7d0b83334e2,Blue,Leader
move,2018-06-08 09:05:01,1,2,50bd5251-3e33-40eb-938e-afc346cc1e8f,Red,Member
move,2018-06-08 09:05:01,1,3,1d7b4dd5-049c-4a99-9a60-e7d0b83334e2,Blue,Leader
pickup,2018-06-08 09:05:01,1,2,50bd5251-3e33-40eb-938e-afc346cc1e8f,Red,Member
move,2018-06-08 09:05:01,1,3,1d7b4dd5-049c-4a99-9a60-e7d0b83334e2,Blue,Leader
test,2018-06-08 09:05:01,1,2,50bd5251-3e33-40eb-938e-afc346cc1e8f,Red,Member
move,2018-06-08 09:05:01,1,3,1d7b4dd5-049c-4a99-9a60-e7d0b83334e2,Blue,Leader
move,2018-06-08 09:05:01,1,2,50bd5251-3e33-40eb-938e-afc346cc1e8f,Red,Member
move,2018-06-08 09:05:01,1,3,1d7b4dd5-049c-4a99-9a60-e7d0b83334e2,Blue,Leader
move,2018-06-08 09:05:01,1,2,50bd5251-3e33-40eb-938e-afc346cc1e8f,Red,Member
move,2018-06-08 09:05:01,1,3,1d7b4dd5-049c-4a99-9a60-e7d0b83334e2,Blue,Leader
move,2018-06-08 09:05:01,1,2,50bd5251-3e33-40eb-938e-afc346cc1e8f,Red,Member
move,2018-06-08 09:05:01,1,3,1d7b4dd5-049c-4a99-9a60-e7d0b83334e2,Blue,Leader
move,2018-06-08 09:05:01,1,2,50bd5251-3e33-40eb-938e-afc346cc1e8f,Red,Member
move,2018-06-08 09:05:01,1,3,1d7b4dd5-049c-4a99-9a60-e7d0b83334e2,Blue,Leader
move,2018-06-08 09:05:01,1,2,50bd5251-3e33-40eb-938e-afc346cc1e8f,Red,Member
move,2018-06-08 09:05:01,1,3,1d7b4dd5-049c-4a99-9a60-e7d0b83334e2,Blue,Leader
move,2018-06-08 09:05:01,1,2,50bd5251-3e33-40eb-938e-afc346cc1e8f,Red,Member
move,2018-06-08 09:05:01,1,3,1d7b4dd5-049c-4a99-9a60-e7d0b83334e2,Blue,Leader
move,2018-06-08 09:05:01,1,2,50bd5251-3e33-40eb-938e-afc346cc1e8f,Red,Member
move,2018-06-08 09:05:01,1,3,1d7b4dd5-049c-4a99-9a60-e7d0b83334e2,Blue,Leader
move,2018-06-08 09:05:01,1,2,50bd5251-3e33-40eb-938e-afc346cc1e8f,Red,Member
move,2018-06-08 09:05:01,1,3,1d7b4dd5-049c-4a99-9a60-e7d0b83334e2,Blue,Leader
move,2018-06-08 09:05:01,1,2,50bd5251-3e33-40eb-938e-afc346cc1e8f,Red,Member
move,2018-06-08 09:05:01,1,3,1d7b4dd5-049c-4a99-9a60-e7d0b83334e2,Blue,Leader
place,2018-06-08 09:05:01,1,2,50bd5251-3e33-40eb-938e-afc346cc1e8f,Red,Member
move,2018-06-08 09:05:01,1,3,1d7b4dd5-049c-4a99-9a60-e7d0b83334e2,Blue,Leader
move,2018-06-08 09:05:01,1,2,50bd5251-3e33-40eb-938e-afc346cc1e8f,Red,Member
move,2018-06-08 09:05:01,1,3,1d7b4dd5-049c-4a99-9a60-e7d0b83334e2,Blue,Leader
move,2018-06-08 09:05:01,1,2,50bd5251-3e33-40eb-938e-afc346cc1e8f,Red,Member
move,2018-06-08 09:05:01,1,3,1d7b4dd5-049c-4a99-9a60-e7d0b83334e2,Blue,Leader
move,2018-06-08 09:05:01,1,2,50bd5251-3e33-40eb-938e-afc346cc1e8f,Red,Member
move,2018-06-08 09:05:01,1,3,1d7b4dd5-049c-4a99-9a60-e7d0b83334e2,Blue,Leader
move,2018-06-08 09:05:01,1,2,50bd5251-3e33-40eb-938e-afc346cc1e8f,Red,Member
move,2018-06-08 09:05:01,1,3,1d7b4dd5-049c-4a99-9a60-e7d0b83334e2,Blue,Leader
move,2018-06-08 09:05:01,1,2,50bd5251-3e33-40eb-938e-afc346cc1e8f,Red,Member
move,2018-06-08 09:05:01,1,3,1d7b4dd5-049c-4a99-9a60-e7d0b83334e2,Blue,Leader
move,2018-06-08 09:05:01,1,2,50bd5251-3e33-40eb-938e-afc346cc1e8f,Red,Member
move,2018-06-08 09:05:01,1,3,1d7b4dd5-049c-4a99-9a60-e7d0b83334e2,Blue,Leader
move,2018-06-08 09:05:01,1,2,50bd5251-3e33-40eb-938e-afc346cc1e8f,Red,Member
move,2018-06-08 09:05:01,1,3,1d7b4dd5-049c-4a99-9a60-e7d0b83334e2,Blue,Leader
move,2018-06-08 09:05:02,1,2,50bd5251-3e33-40eb-938e-afc346cc1e8f,Red,Member
move,2018-06-08 09:05:02,1,3,1d7b4dd5-049c-4a99-9a60-e7d0b83334e2,Blue,Leader
move,2018-06-08 09:05:02,1,2,50bd5251-3e33-40eb-938e-afc346cc1e8f,Red,Member
move,2018-06-08 09:05:02,1,3,1d7b4dd5-049c-4a99-9a60-e7d0b83334e2,Blue,Leader
move,2018-06-08 09:05:02,1,2,50bd5251-3e33-40eb-938e-afc346cc1e8f,Red,Member
move,2018-06-08 09:05:02,1,3,1d7b4dd5-049c-4a99-9a60-e7d0b83334e2,Blue,Leader
pickup,2018-06-08 09:05:02,1,2,50bd5251-3e33-40eb-938e-afc346cc1e8f,Red,Member
move,2018-06-08 09:05:02,1,3,1d7b4dd5-049c-4a99-9a60-e7d0b83334e2,Blue,Leader
test,2018-06-08 09:05:02,1,2,50bd5251-3e33-40eb-938e-afc346cc1e8f,Red,Member
move,2018-06-08 09:05:02,1,3,1d7b4dd5-049c-4a99-9a60-e7d0b83334e2,Blue,Leader
move,2018-06-08 09:05:02,1,2,50bd5251-3e33-40eb-938e-afc346cc1e8f,Red,Member
move,2018-06-08 09:05:02,1,3,1d7b4dd5-049c-4a99-9a60-e7d0b83334e2,Blue,Leader
move,2018-06-08 09:05:02,1,2,50bd5251-3e33-40eb-938e-afc346cc1e8f,Red,Member
move,2018-06-08 09:05:02,1,3,1d7b4dd5-049c-4a99-9a60-e7d0b83334e2,Blue,Leader
move,2018-06-08 09:05:02,1,2,50bd5251-3e33-40eb-938e-afc346cc1e8f,Red,Member
move,2018-06-08 09:05:02,1,3,1d7b4dd5-049c-4a99-9a60-e7d0b83334e2,Blue,Leader
move,2018-06-08 09:05:02,1,2,50bd5251-3e33-40eb-938e-afc346cc1e8f,Red,Member
move,2018-06-08 09:05:02,1,3,1d7b4dd5-049c-4a99-9a60-e7d0b83334e2,Blue,Leader
move,2018-06-08 09:05:02,1,2,50bd5251-3e33-40eb-938e-afc346cc1e8f,Red,Member
move,2018-06-08 09:05:02,1,3,1d7b4dd5-049c-4a99-9a60-e7d0b83334e2,Blue,Leader
move,2018-06-08 09:05:02,1,2,50bd5251-3e33-40eb-938e-afc346cc1e8f,Red,Member
move,2018-06-08 09:05:02,1,3,1d7b4dd5-049c-4a99-9a60-e7d0b83334e2,Blue,Leader
move,2018-06-08 09:05:02,1,2,50bd5251-3e33-40eb-938e-afc346cc1e8f,Red,Member
move,2018-06-08 09:05:02,1,3,1d7b4dd5-049c-4a99-9a60-e7d0b83334e2,Blue,Leader
move,2018-06-08 09:05:02,1,2,50bd5251-3e33-40eb-938e-afc346cc1e8f,Red,Member
move,2018-06-08 09:05:02,1,3,1d7b4dd5-049c-4a99-9a60-e7d0b83334e2,Blue,Leader
move,2018-06-08 09:05:02,1,2,50bd5251-3e33-40eb-938e-afc346cc1e8f,Red,Member
move,2018-06-08 09:05:02,1,3,1d7b4dd5-049c-4a99-9a60-e7d0b83334e2,Blue,Leader
place,2018-06-08 09:05:02,1,2,50bd5251-3e33-40eb-938e-afc346cc1e8f,Red,Member
move,2018-06-08 09:05:02,1,3,1d7b4dd5-049c-4a99-9a60-e7d0b83334e2,Blue,Leader
move,2018-06-08 09:05:02,1,2,50bd5251-3e33-40eb-938e-afc346cc1e8f,Red,Member
move,2018-06-08 09:05:02,1,3,1d7b4dd5-049c-4a99-9a60-e7d0b83334e2,Blue,Leader
move,2018-06-08 09:05:02,1,2,50bd5251-3e33-40eb-938e-afc346cc1e8f,Red,Member
move,2018-06-08 09:05:02,1,3,1d7b4dd5-049c-4a99-9a60-e7d0b83334e2,Blue,Leader
move,2018-06-08 09:05:02,1,2,50bd5251-3e33-40eb-938e-afc346cc1e8f,Red,Member
move,2018-06-08 09:05:02,1,3,1d7b4dd5-049c-4a99-9a60-e7d0b83334e2,Blue,Leader
move,2018-06-08 09:05:02,1,2,50bd5251-3e33-40eb-938e-afc346cc1e8f,Red,Member
move,2018-06-08 09:05:02,1,3,1d7b4dd5-049c-4a99-9a60-e7d0b83334e2,Blue,Leader
pickup,2018-06-08 09:05:02,1,2,50bd5251-3e33-40eb-938e-afc346cc1e8f,Red,Member
move,2018-06-08 09:05:02,1,3,1d7b4dd5-049c-4a99-9a60-e7d0b83334e2,Blue,Leader
test,2018-06-08 09:05:03,1,2,50bd5251-3e33-40eb-938e-afc346cc1e8f,Red,Member
move,2018-06-08 09:05:03,1,3,1d7b4dd5-049c-4a99-9a60-e7d0b83334e2,Blue,Leader
move,2018-06-08 09:05:03,1,3,1d7b4dd5-049c-4a99-9a60-e7d0b83334e2,Blue,Leader
move,2018-06-08 09:05:03,1,3,1d7b4dd5-049c-4a99-9a60-e7d0b83334e2,Blue,Leader
move,2018-06-08 09:05:03,1,3,1d7b4dd5-049c-4a99-9a60-e7d0b83334e2,Blue,Leader
move,2018-06-08 09:05:03,1,3,1d7b4dd5-049c-4a99-9a60-e7d0b83334e2,Blue,Leader
move,2018-06-08 09:05:03,1,3,1d7b4dd5-049c-4a99-9a60-e7d0b83334e2,Blue,Leader
move,2018-06-08 09:05:03,1,3,1d7b4dd5-049c-4a99-9a60-e7d0b83334e2,Blue,Leader
move,2018-06-08 09:05:03,1,3,1d7b4dd5-049c-4a99-9a60-e7d0b83334e2,Blue,Leader
move,2018-06-08 09:05:03,1,3,1d7b4dd5-049c-4a99-9a60-e7d0b83334e2,Blue,Leader
move,2018-06-08 09:05:03,1,3,1d7b4dd5-049c-4a99-9a60-e7d0b83334e2,Blue,Leader
move,2018-06-08 09:05:03,1,3,1d7b4dd5-049c-4a99-9a60-e7d0b83334e2,Blue,Leader
move,2018-06-08 09:05:03,1,3,1d7b4dd5-049c-4a99-9a60-e7d0b83334e2,Blue,Leader
move,2018-06-08 09:05:03,1,3,1d7b4dd5-049c-4a99-9a60-e7d0b83334e2,Blue,Leader
move,2018-06-08 09:05:03,1,3,1d7b4dd5-049c-4a99-9a60-e7d0b83334e2,Blue,Leader
move,2018-06-08 09:05:03,1,3,1d7b4dd5-049c-4a99-9a60-e7d0b83334e2,Blue,Leader
move,2018-06-08 09:05:03,1,3,1d7b4dd5-049c-4a99-9a60-e7d0b83334e2,Blue,Leader
move,2018-06-08 09:05:03,1,3,1d7b4dd5-049c-4a99-9a60-e7d0b83334e2,Blue,Leader
move,2018-06-08 09:05:03,1,3,1d7b4dd5-049c-4a99-9a60-e7d0b83334e2,Blue,Leader
move,2018-06-08 09:05:03,1,3,1d7b4dd5-049c-4a99-9a60-e7d0b83334e2,Blue,Leader
move,2018-06-08 09:05:03,1,3,1d7b4dd5-049c-4a99-9a60-e7d0b83334e2,Blue,Leader
move,2018-06-08 09:05:03,1,3,1d7b4dd5-049c-4a99-9a60-e7d0b83334e2,Blue,Leader
move,2018-06-08 09:05:03,1,3,1d7b4dd5-049c-4a99-9a60-e7d0b83334e2,Blue,Leader
move,2018-06-08 09:05:03,1,3,1d7b4dd5-049c-4a99-9a60-e7d0b83334e2,Blue,Leader
move,2018-06-08 09:05:03,1,3,1d7b4dd5-049c-4a99-9a60-e7d0b83334e2,Blue,Leader
move,2018-06-08 09:05:03,1,3,1d7b4dd5-049c-4a99-9a60-e7d0b83334e2,Blue,Leader
move,2018-06-08 09:05:03,1,3,1d7b4dd5-049c-4a99-9a60-e7d0b83334e2,Blue,Leader
move,2018-06-08 09:05:03,1,3,1d7b4dd5-049c-4a99-9a60-e7d0b83334e2,Blue,Leader
move,2018-06-08 09:05:03,1,3,1d7b4dd5-049c-4a99-9a60-e7d0b83334e2,Blue,Leader
move,2018-06-08 09:05:03,1,3,1d7b4dd5-049c-4a99-9a60-e7d0b83334e2,Blue,Leader
move,2018-06-08 09:05:03,1,3,1d7b4dd5-049c-4a99-9a60-e7d0b83334e2,Blue,Leader
move,2018-06-08 09:05:03,1,3,1d7b4dd5-049c-4a99-9a60-e7d0b83334e2,Blue,Leader
move,2018-06-08 09:05:03,1,3,1d7b4dd5-049c-4a99-9a60-e7d0b83334e2,Blue,Leader
move,2018-06-08 09:05:04,1,3,1d7b4dd5-049c-4a99-9a60-e7d0b83334e2,Blue,Leader
move,2018-06-08 09:05:04,1,3,1d7b4dd5-049c-4a99-9a60-e7d0b83334e2,Blue,Leader
move,2018-06-08 09:05:04,1,3,1d7b4dd5-049c-4a99-9a60-e7d0b83334e2,Blue,Leader
move,2018-06-08 09:05:04,1,3,1d7b4dd5-049c-4a99-9a60-e7d0b83334e2,Blue,Leader
move,2018-06-08 09:05:04,1,3,1d7b4dd5-049c-4a99-9a60-e7d0b83334e2,Blue,Leader
move,2018-06-08 09:05:04,1,3,1d7b4dd5-049c-4a99-9a60-e7d0b83334e2,Blue,Leader
move,2018-06-08 09:05:04,1,3,1d7b4dd5-049c-4a99-9a60-e7d0b83334e2,Blue,Leader
move,2018-06-08 09:05:04,1,3,1d7b4dd5-049c-4a99-9a60-e7d0b83334e2,Blue,Leader
move,2018-06-08 09:05:04,1,3,1d7b4dd5-049c-4a99-9a60-e7d0b83334e2,Blue,Leader
move,2018-06-08 09:05:04,1,3,1d7b4dd5-049c-4a99-9a60-e7d0b83334e2,Blue,Leader
move,2018-06-08 09:05:04,1,3,1d7b4dd5-049c-4a99-9a60-e7d0b83334e2,Blue,Leader
move,2018-06-08 09:05:04,1,3,1d7b4dd5-049c-4a99-9a60-e7d0b83334e2,Blue,Leader
move,2018-06-08 09:05:04,1,3,1d7b4dd5-049c-4a99-9a60-e7d0b83334e2,Blue,Leader
move,2018-06-08 09:05:04,1,3,1d7b4dd5-049c-4a99-9a60-e7d0b83334e2,Blue,Leader
move,2018-06-08 09:05:04,1,3,1d7b4dd5-049c-4a99-9a60-e7d0b83334e2,Blue,Leader
move,2018-06-08 09:05:04,1,3,1d7b4dd5-049c-4a99-9a60-e7d0b83334e2,Blue,Leader
move,2018-06-08 09:05:04,1,3,1d7b4dd5-049c-4a99-9a60-e7d0b83334e2,Blue,Leader
move,2018-06-08 09:05:04,1,3,1d7b4dd5-049c-4a99-9a60-e7d0b83334e2,Blue,Leader
move,2018-06-08 09:05:04,1,3,1d7b4dd5-049c-4a99-9a60-e7d0b83334e2,Blue,Leader
move,2018-06-08 09:05:04,1,3,1d7b4dd5-049c-4a99-9a60-e7d0b83334e2,Blue,Leader
move,2018-06-08 09:05:04,1,3,1d7b4dd5-049c-4a99-9a60-e7d0b83334e2,Blue,Leader
move,2018-06-08 09:05:04,1,3,1d7b4dd5-049c-4a99-9a60-e7d0b83334e2,Blue,Leader
move,2018-06-08 09:05:04,1,3,1d7b4dd5-049c-4a99-9a60-e7d0b83334e2,Blue,Leader
move,2018-06-08 09:05:04,1,3,1d7b4dd5-049c-4a99-9a60-e7d0b83334e2,Blue,Leader
move,2018-06-08 09:05:04,1,3,1d7b4dd5-049c-4a99-9a60-e7d0b83334e2,Blue,Leader
move,2018-06-08 09:05:04,1,3,1d7b4dd5-049c-4a99-9a60-e7d0b83334e2,Blue,Leader
move,2018-06-08 09:05:04,1,3,1d7b4dd5-049c-4a99-9a60-e7d0b83334e2,Blue,Leader
move,2018-06-08 09:05:04,1,3,1d7b4dd5-049c-4a99-9a60-e7d0b83334e2,Blue,Leader
move,2018-06-08 09:05:04,1,3,1d7b4dd5-049c-4a99-9a60-e7d0b83334e2,Blue,Leader
move,2018-06-08 09:05:04,1,3,1d7b4dd5-049c-4a99-9a60-e7d0b83334e2,Blue,Leader
move,2018-06-08 09:05:04,1,3,1d7b4dd5-049c-4a99-9a60-e7d0b83334e2,Blue,Leader
move,2018-06-08 09:05:04,1,3,1d7b4dd5-049c-4a99-9a60-e7d0b83334e2,Blue,Leader
move,2018-06-08 09:05:05,1,3,1d7b4dd5-049c-4a99-9a60-e7d0b83334e2,Blue,Leader
move,2018-06-08 09:05:05,1,3,1d7b4dd5-049c-4a99-9a60-e7d0b83334e2,Blue,Leader
move,2018-06-08 09:05:05,1,3,1d7b4dd5-049c-4a99-9a60-e7d0b83334e2,Blue,Leader
move,2018-06-08 09:05:05,1,3,1d7b4dd5-049c-4a99-9a60-e7d0b83334e2,Blue,Leader
move,2018-06-08 09:05:05,1,3,1d7b4dd5-049c-4a99-9a60-e7d0b83334e2,Blue,Leader
move,2018-06-08 09:05:05,1,3,1d7b4dd5-049c-4a99-9a60-e7d0b83334e2,Blue,Leader
move,2018-06-08 09:05:05,1,3,1d7b4dd5-049c-4a99-9a60-e7d0b83334e2,Blue,Leader
move,2018-06-08 09:05:05,1,3,1d7b4dd5-049c-4a99-9a60-e7d0b83334e2,Blue,Leader
move,2018-06-08 09:05:05,1,3,1d7b4dd5-049c-4a99-9a60-e7d0b83334e2,Blue,Leader
move,2018-06-08 09:05:05,1,3,1d7b4dd5-049c-4a99-9a60-e7d0b83334e2,Blue,Leader
move,2018-06-08 09:05:05,1,3,1d7b4dd5-049c-4a99-9a60-e7d0b83334e2,Blue,Leader
move,2018-06-08 09:05:05,1,3,1d7b4dd5-049c-4a99-9a60-e7d0b83334e2,Blue,Leader
move,2018-06-08 09:05:05,1,3,1d7b4dd5-049c-4a99-9a60-e7d0b83334e2,Blue,Leader
move,2018-06-08 09:05:05,1,3,1d7b4dd5-049c-4a99-9a60-e7d0b83334e2,Blue,Leader
move,2018-06-08 09:05:05,1,3,1d7b4dd5-049c-4a99-9a60-e7d0b83334e2,Blue,Leader
move,2018-06-08 09:05:05,1,3,1d7b4dd5-049c-4a99-9a60-e7d0b83334e2,Blue,Leader
move,2018-06-08 09:05:05,1,3,1d7b4dd5-049c-4a99-9a60-e7d0b83334e2,Blue,Leader
move,2018-06-08 09:05:05,1,3,1d7b4dd5-049c-4a99-9a60-e7d0b83334e2,Blue,Leader
move,2018-06-08 09:05:05,1,3,1d7b4dd5-049c-4a99-9a60-e7d0b83334e2,Blue,Leader
move,2018-06-08 09:05:05,1,3,1d7b4dd5-049c-4a99-9a60-e7d0b83334e2,Blue,Leader
move,2018-06-08 09:05:05,1,3,1d7b4dd5-049c-4a99-9a60-e7d0b83334e2,Blue,Leader
move,2018-06-08 09:05:05,1,3,1d7b4dd5-049c-4a99-9a60-e7d0b83334e2,Blue,Leader
move,2018-06-08 09:05:05,1,3,1d7b4dd5-049c-4a99-9a60-e7d0b83334e2,Blue,Leader
move,2018-06-08 09:05:05,1,3,1d7b4dd5-049c-4a99-9a60-e7d0b83334e2,Blue,Leader
move,2018-06-08 09:05:05,1,3,1d7b4dd5-049c-4a99-9a60-e7d0b83334e2,Blue,Leader
move,2018-06-08 09:05:05,1,3,1d7b4dd5-049c-4a99-9a60-e7d0b83334e2,Blue,Leader
move,2018-06-08 09:05:05,1,3,1d7b4dd5-049c-4a99-9a60-e7d0b83334e2,Blue,Leader
move,2018-06-08 09:05:05,1,3,1d7b4dd5-049c-4a99-9a60-e7d0b83334e2,Blue,Leader
move,2018-06-08 09:05:05,1,3,1d7b4dd5-049c-4a99-9a60-e7d0b83334e2,Blue,Leader
move,2018-06-08 09:05:05,1,3,1d7b4dd5-049c-4a99-9a60-e7d0b83334e2,Blue,Leader
move,2018-06-08 09:05:05,1,3,1d7b4dd5-049c-4a99-9a60-e7d0b83334e2,Blue,Leader
move,2018-06-08 09:05:05,1,3,1d7b4dd5-049c-4a99-9a60-e7d0b83334e2,Blue,Leader
move,2018-06-08 09:05:06,1,3,1d7b4dd5-049c-4a99-9a60-e7d0b83334e2,Blue,Leader
move,2018-06-08 09:05:06,1,3,1d7b4dd5-049c-4a99-9a60-e7d0b83334e2,Blue,Leader
move,2018-06-08 09:05:06,1,3,1d7b4dd5-049c-4a99-9a60-e7d0b83334e2,Blue,Leader
move,2018-06-08 09:05:06,1,3,1d7b4dd5-049c-4a99-9a60-e7d0b83334e2,Blue,Leader
move,2018-06-08 09:05:06,1,3,1d7b4dd5-049c-4a99-9a60-e7d0b83334e2,Blue,Leader
move,2018-06-08 09:05:06,1,3,1d7b4dd5-049c-4a99-9a60-e7d0b83334e2,Blue,Leader
move,2018-06-08 09:05:06,1,3,1d7b4dd5-049c-4a99-9a60-e7d0b83334e2,Blue,Leader
move,2018-06-08 09:05:06,1,3,1d7b4dd5-049c-4a99-9a60-e7d0b83334e2,Blue,Leader
move,2018-06-08 09:05:06,1,3,1d7b4dd5-049c-4a99-9a60-e7d0b83334e2,Blue,Leader
move,2018-06-08 09:05:06,1,3,1d7b4dd5-049c-4a99-9a60-e7d0b83334e2,Blue,Leader
move,2018-06-08 09:05:06,1,3,1d7b4dd5-049c-4a99-9a60-e7d0b83334e2,Blue,Leader
move,2018-06-08 09:05:06,1,3,1d7b4dd5-049c-4a99-9a60-e7d0b83334e2,Blue,Leader
move,2018-06-08 09:05:06,1,3,1d7b4dd5-049c-4a99-9a60-e7d0b83334e2,Blue,Leader
move,2018-06-08 09:05:06,1,3,1d7b4dd5-049c-4a99-9a60-e7d0b83334e2,Blue,Leader
move,2018-06-08 09:05:06,1,3,1d7b4dd5-049c-4a99-9a60-e7d0b83334e2,Blue,Leader
move,2018-06-08 09:05:06,1,3,1d7b4dd5-049c-4a99-9a60-e7d0b83334e2,Blue,Leader
move,2018-06-08 09:05:06,1,3,1d7b4dd5-049c-4a99-9a60-e7d0b83334e2,Blue,Leader
move,2018-06-08 09:05:06,1,3,1d7b4dd5-049c-4a99-9a60-e7d0b83334e2,Blue,Leader
move,2018-06-08 09:05:06,1,3,1d7b4dd5-049c-4a99-9a60-e7d0b83334e2,Blue,Leader
move,2018-06-08 09:05:06,1,3,1d7b4dd5-049c-4a99-9a60-e7d0b83334e2,Blue,Leader
move,2018-06-08 09:05:06,1,3,1d7b4dd5-049c-4a99-9a60-e7d0b83334e2,Blue,Leader
move,2018-06-08 09:05:06,1,3,1d7b4dd5-049c-4a99-9a60-e7d0b83334e2,Blue,Leader
move,2018-06-08 09:05:06,1,3,1d7b4dd5-049c-4a99-9a60-e7d0b83334e2,Blue,Leader
move,2018-06-08 09:05:06,1,3,1d7b4dd5-049c-4a99-9a60-e7d0b83334e2,Blue,Leader
move,2018-06-08 09:05:06,1,3,1d7b4dd5-049c-4a99-9a60-e7d0b83334e2,Blue,Leader
move,2018-06-08 09:05:06,1,3,1d7b4dd5-049c-4a99-9a60-e7d0b83334e2,Blue,Leader
move,2018-06-08 09:05:06,1,3,1d7b4dd5-049c-4a99-9a60-e7d0b83334e2,Blue,Leader
move,2018-06-08 09:05:06,1,3,1d7b4dd5-049c-4a99-9a60-e7d0b83334e2,Blue,Leader
move,2018-06-08 09:05:06,1,3,1d7b4dd5-049c-4a99-9a60-e7d0b83334e2,Blue,Leader
move,2018-06-08 09:05:06,1,3,1d7b4dd5-049c-4a99-9a60-e7d0b83334e2,Blue,Leader
move,2018-06-08 09:05:06,1,3,1d7b4dd5-049c-4a99-9a60-e7d0b83334e2,Blue,Leader
move,2018-06-08 09:05:06,1,3,1d7b4dd5-049c-4a99-9a60-e7d0b83334e2,Blue,Leader
move,2018-06-08 09:05:07,1,3,1d7b4dd5-049c-4a99-9a60-e7d0b83334e2,Blue,Leader
move,2018-06-08 09:05:07,1,3,1d7b4dd5-049c-4a99-9a60-e7d0b83334e2,Blue,Leader
move,2018-06-08 09:05:07,1,3,1d7b4dd5-049c-4a99-9a60-e7d0b83334e2,Blue,Leader
move,2018-06-08 09:05:07,1,3,1d7b4dd5-049c-4a99-9a60-e7d0b83334e2,Blue,Leader
move,2018-06-08 09:05:07,1,3,1d7b4dd5-049c-4a99-9a60-e7d0b83334e2,Blue,Leader
move,2018-06-08 09:05:07,1,3,1d7b4dd5-049c-4a99-9a60-e7d0b83334e2,Blue,Leader
move,2018-06-08 09:05:07,1,3,1d7b4dd5-049c-4a99-9a60-e7d0b83334e2,Blue,Leader
move,2018-06-08 09:05:07,1,3,1d7b4dd5-049c-4a99-9a60-e7d0b83334e2,Blue,Leader
move,2018-06-08 09:05:07,1,3,1d7b4dd5-049c-4a99-9a60-e7d0b83334e2,Blue,Leader
move,2018-06-08 09:05:07,1,3,1d7b4dd5-049c-4a99-9a60-e7d0b83334e2,Blue,Leader
move,2018-06-08 09:05:07,1,3,1d7b4dd5-049c-4a99-9a60-e7d0b83334e2,Blue,Leader
move,2018-06-08 09:05:07,1,3,1d7b4dd5-049c-4a99-9a60-e7d0b83334e2,Blue,Leader
move,2018-06-08 09:05:07,1,3,1d7b4dd5-049c-4a99-9a60-e7d0b83334e2,Blue,Leader
move,2018-06-08 09:05:07,1,3,1d7b4dd5-049c-4a99-9a60-e7d0b83334e2,Blue,Leader
move,2018-06-08 09:05:07,1,3,1d7b4dd5-049c-4a99-9a60-e7d0b83334e2,Blue,Leader
move,2018-06-08 09:05:07,1,3,1d7b4dd5-049c-4a99-9a60-e7d0b83334e2,Blue,Leader
move,2018-06-08 09:05:07,1,3,1d7b4dd5-049c-4a99-9a60-e7d0b83334e2,Blue,Leader
move,2018-06-08 09:05:07,1,3,1d7b4dd5-049c-4a99-9a60-e7d0b83334e2,Blue,Leader
move,2018-06-08 09:05:07,1,3,1d7b4dd5-049c-4a99-9a60-e7d0b83334e2,Blue,Leader
move,2018-06-08 09:05:07,1,3,1d7b4dd5-049c-4a99-9a60-e7d0b83334e2,Blue,Leader
move,2018-06-08 09:05:07,1,3,1d7b4dd5-049c-4a99-9a60-e7d0b83334e2,Blue,Leader
move,2018-06-08 09:05:07,1,3,1d7b4dd5-049c-4a99-9a60-e7d0b83334e2,Blue,Leader
move,2018-06-08 09:05:07,1,3,1d7b4dd5-049c-4a99-9a60-e7d0b83334e2,Blue,Leader
move,2018-06-08 09:05:07,1,3,1d7b4dd5-049c-4a99-9a60-e7d0b83334e2,Blue,Leader
move,2018-06-08 09:05:07,1,3,1d7b4dd5-049c-4a99-9a60-e7d0b83334e2,Blue,Leader
move,2018-06-08 09:05:07,1,3,1d7b4dd5-049c-4a99-9a60-e7d0b83334e2,Blue,Leader
move,2018-06-08 09:05:07,1,3,1d7b4dd5-049c-4a99-9a60-e7d0b83334e2,Blue,Leader
move,2018-06-08 09:05:07,1,3,1d7b4dd5-049c-4a99-9a60-e7d0b83334e2,Blue,Leader
move,2018-06-08 09:05:07,1,3,1d7b4dd5-049c-4a99-9a60-e7d0b83334e2,Blue,Leader
move,2018-06-08 09:05:07,1,3,1d7b4dd5-049c-4a99-9a60-e7d0b83334e2,Blue,Leader
move,2018-06-08 09:05:07,1,3,1d7b4dd5-049c-4a99-9a60-e7d0b83334e2,Blue,Leader
move,2018-06-08 09:05:07,1,3,1d7b4dd5-049c-4a99-9a60-e7d0b83334e2,Blue,Leader
move,2018-06-08 09:05:08,1,3,1d7b4dd5-049c-4a99-9a60-e7d0b83334e2,Blue,Leader
move,2018-06-08 09:05:08,1,3,1d7b4dd5-049c-4a99-9a60-e7d0b83334e2,Blue,Leader
move,2018-06-08 09:05:08,1,3,1d7b4dd5-049c-4a99-9a60-e7d0b83334e2,Blue,Leader
move,2018-06-08 09:05:08,1,3,1d7b4dd5-049c-4a99-9a60-e7d0b83334e2,Blue,Leader
move,2018-06-08 09:05:08,1,3,1d7b4dd5-049c-4a99-9a60-e7d0b83334e2,Blue,Leader
move,2018-06-08 09:05:08,1,3,1d7b4dd5-049c-4a99-9a60-e7d0b83334e2,Blue,Leader
move,2018-06-08 09:05:08,1,3,1d7b4dd5-049c-4a99-9a60-e7d0b83334e2,Blue,Leader
move,2018-06-08 09:05:08,1,3,1d7b4dd5-049c-4a99-9a60-e7d0b83334e2,Blue,Leader
move,2018-06-08 09:05:08,1,3,1d7b4dd5-049c-4a99-9a60-e7d0b83334e2,Blue,Leader
move,2018-06-08 09:05:08,1,3,1d7b4dd5-049c-4a99-9a60-e7d0b83334e2,Blue,Leader
move,2018-06-08 09:05:08,1,3,1d7b4dd5-049c-4a99-9a60-e7d0b83334e2,Blue,Leader
move,2018-06-08 09:05:08,1,3,1d7b4dd5-049c-4a99-9a60-e7d0b83334e2,Blue,Leader
move,2018-06-08 09:05:08,1,3,1d7b4dd5-049c-4a99-9a60-e7d0b83334e2,Blue,Leader
move,2018-06-08 09:05:08,1,3,1d7b4dd5-049c-4a99-9a60-e7d0b83334e2,Blue,Leader
move,2018-06-08 09:05:08,1,3,1d7b4dd5-049c-4a99-9a60-e7d0b83334e2,Blue,Leader
move,2018-06-08 09:05:08,1,3,1d7b4dd5-049c-4a99-9a60-e7d0b83334e2,Blue,Leader
move,2018-06-08 09:05:08,1,3,1d7b4dd5-049c-4a99-9a60-e7d0b83334e2,Blue,Leader
move,2018-06-08 09:05:08,1,3,1d7b4dd5-049c-4a99-9a60-e7d0b83334e2,Blue,Leader
move,2018-06-08 09:05:08,1,3,1d7b4dd5-049c-4a99-9a60-e7d0b83334e2,Blue,Leader
move,2018-06-08 09:05:08,1,3,1d7b4dd5-049c-4a99-9a60-e7d0b83334e2,Blue,Leader
move,2018-06-08 09:05:08,1,3,1d7b4dd5-049c-4a99-9a60-e7d0b83334e2,Blue,Leader
move,2018-06-08 09:05:08,1,3,1d7b4dd5-049c-4a99-9a60-e7d0b83334e2,Blue,Leader
move,2018-06-08 09:05:08,1,3,1d7b4dd5-049c-4a99-9a60-e7d0b83334e2,Blue,Leader
move,2018-06-08 09:05:08,1,3,1d7b4dd5-049c-4a99-9a60-e7d0b83334e2,Blue,Leader
move,2018-06-08 09:05:08,1,3,1d7b4dd5-049c-4a99-9a60-e7d0b83334e2,Blue,Leader
move,2018-06-08 09:05:08,1,3,1d7b4dd5-049c-4a99-9a60-e7d0b83334e2,Blue,Leader
move,2018-06-08 09:05:08,1,3,1d7b4dd5-049c-4a99-9a60-e7d0b83334e2,Blue,Leader
move,2018-06-08 09:05:08,1,3,1d7b4dd5-049c-4a99-9a60-e7d0b83334e2,Blue,Leader
move,2018-06-08 09:05:08,1,3,1d7b4dd5-049c-4a99-9a60-e7d0b83334e2,Blue,Leader
move,2018-06-08 09:05:08,1,3,1d7b4dd5-049c-4a99-9a60-e7d0b83334e2,Blue,Leader
move,2018-06-08 09:05:08,1,3,1d7b4dd5-049c-4a99-9a60-e7d0b83334e2,Blue,Leader
move,2018-06-08 09:05:08,1,3,1d7b4dd5-049c-4a99-9a60-e7d0b83334e2,Blue,Leader
move,2018-06-08 09:05:08,1,3,1d7b4dd5-049c-4a99-9a60-e7d0b83334e2,Blue,Leader
move,2018-06-08 09:05:09,1,3,1d7b4dd5-049c-4a99-9a60-e7d0b83334e2,Blue,Leader
move,2018-06-08 09:05:09,1,3,1d7b4dd5-049c-4a99-9a60-e7d0b83334e2,Blue,Leader
move,2018-06-08 09:05:09,1,3,1d7b4dd5-049c-4a99-9a60-e7d0b83334e2,Blue,Leader
move,2018-06-08 09:05:09,1,3,1d7b4dd5-049c-4a99-9a60-e7d0b83334e2,Blue,Leader
move,2018-06-08 09:05:09,1,3,1d7b4dd5-049c-4a99-9a60-e7d0b83334e2,Blue,Leader
move,2018-06-08 09:05:09,1,3,1d7b4dd5-049c-4a99-9a60-e7d0b83334e2,Blue,Leader
move,2018-06-08 09:05:09,1,3,1d7b4dd5-049c-4a99-9a60-e7d0b83334e2,Blue,Leader
move,2018-06-08 09:05:09,1,3,1d7b4dd5-049c-4a99-9a60-e7d0b83334e2,Blue,Leader
move,2018-06-08 09:05:09,1,3,1d7b4dd5-049c-4a99-9a60-e7d0b83334e2,Blue,Leader
move,2018-06-08 09:05:09,1,3,1d7b4dd5-049c-4a99-9a60-e7d0b83334e2,Blue,Leader
move,2018-06-08 09:05:09,1,3,1d7b4dd5-049c-4a99-9a60-e7d0b83334e2,Blue,Leader
move,2018-06-08 09:05:09,1,3,1d7b4dd5-049c-4a99-9a60-e7d0b83334e2,Blue,Leader
move,2018-06-08 09:05:09,1,3,1d7b4dd5-049c-4a99-9a60-e7d0b83334e2,Blue,Leader
move,2018-06-08 09:05:09,1,3,1d7b4dd5-049c-4a99-9a60-e7d0b83334e2,Blue,Leader
move,2018-06-08 09:05:09,1,3,1d7b4dd5-049c-4a99-9a60-e7d0b83334e2,Blue,Leader
move,2018-06-08 09:05:09,1,3,1d7b4dd5-049c-4a99-9a60-e7d0b83334e2,Blue,Leader
move,2018-06-08 09:05:09,1,3,1d7b4dd5-049c-4a99-9a60-e7d0b83334e2,Blue,Leader
move,2018-06-08 09:05:09,1,3,1d7b4dd5-049c-4a99-9a60-e7d0b83334e2,Blue,Leader
move,2018-06-08 09:05:09,1,3,1d7b4dd5-049c-4a99-9a60-e7d0b83334e2,Blue,Leader
move,2018-06-08 09:05:09,1,3,1d7b4dd5-049c-4a99-9a60-e7d0b83334e2,Blue,Leader
move,2018-06-08 09:05:09,1,3,1d7b4dd5-049c-4a99-9a60-e7d0b83334e2,Blue,Leader
move,2018-06-08 09:05:09,1,3,1d7b4dd5-049c-4a99-9a60-e7d0b83334e2,Blue,Leader
move,2018-06-08 09:05:09,1,3,1d7b4dd5-049c-4a99-9a60-e7d0b83334e2,Blue,Leader
move,2018-06-08 09:05:09,1,3,1d7b4dd5-049c-4a99-9a60-e7d0b83334e2,Blue,Leader
move,2018-06-08 09:05:09,1,3,1d7b4dd5-049c-4a99-9a60-e7d0b83334e2,Blue,Leader
move,2018-06-08 09:05:09,1,3,1d7b4dd5-049c-4a99-9a60-e7d0b83334e2,Blue,Leader
move,2018-06-08 09:05:09,1,3,1d7b4dd5-049c-4a99-9a60-e7d0b83334e2,Blue,Leader
move,2018-06-08 09:05:09,1,3,1d7b4dd5-049c-4a99-9a60-e7d0b83334e2,Blue,Leader
move,2018-06-08 09:05:09,1,3,1d7b4dd5-049c-4a99-9a60-e7d0b83334e2,Blue,Leader
move,2018-06-08 09:05:09,1,3,1d7b4dd5-049c-4a99-9a60-e7d0b83334e2,Blue,Leader
move,2018-06-08 09:05:09,1,3,1d7b4dd5-049c-4a99-9a60-e7d0b83334e2,Blue,Leader
move,2018-06-08 09:05:09,1,3,1d7b4dd5-049c-4a99-9a60-e7d0b83334e2,Blue,Leader
move,2018-06-08 09:05:10,1,3,1d7b4dd5-049c-4a99-9a60-e7d0b83334e2,Blue,Leader
move,2018-06-08 09:05:10,1,3,1d7b4dd5-049c-4a99-9a60-e7d0b83334e2,Blue,Leader
move,2018-06-08 09:05:10,1,3,1d7b4dd5-049c-4a99-9a60-e7d0b83334e2,Blue,Leader
move,2018-06-08 09:05:10,1,3,1d7b4dd5-049c-4a99-9a60-e7d0b83334e2,Blue,Leader
move,2018-06-08 09:05:10,1,3,1d7b4dd5-049c-4a99-9a60-e7d0b83334e2,Blue,Leader
move,2018-06-08 09:05:10,1,3,1d7b4dd5-049c-4a99-9a60-e7d0b83334e2,Blue,Leader
move,2018-06-08 09:05:10,1,3,1d7b4dd5-049c-4a99-9a60-e7d0b83334e2,Blue,Leader
move,2018-06-08 09:05:10,1,3,1d7b4dd5-049c-4a99-9a60-e7d0b83334e2,Blue,Leader
move,2018-06-08 09:05:10,1,3,1d7b4dd5-049c-4a99-9a60-e7d0b83334e2,Blue,Leader
move,2018-06-08 09:05:10,1,3,1d7b4dd5-049c-4a99-9a60-e7d0b83334e2,Blue,Leader
move,2018-06-08 09:05:10,1,3,1d7b4dd5-049c-4a99-9a60-e7d0b83334e2,Blue,Leader
move,2018-06-08 09:05:10,1,3,1d7b4dd5-049c-4a99-9a60-e7d0b83334e2,Blue,Leader
move,2018-06-08 09:05:10,1,3,1d7b4dd5-049c-4a99-9a60-e7d0b83334e2,Blue,Leader
move,2018-06-08 09:05:10,1,3,1d7b4dd5-049c-4a99-9a60-e7d0b83334e2,Blue,Leader
move,2018-06-08 09:05:10,1,3,1d7b4dd5-049c-4a99-9a60-e7d0b83334e2,Blue,Leader
move,2018-06-08 09:05:10,1,3,1d7b4dd5-049c-4a99-9a60-e7d0b83334e2,Blue,Leader
move,2018-06-08 09:05:10,1,3,1d7b4dd5-049c-4a99-9a60-e7d0b83334e2,Blue,Leader
move,2018-06-08 09:05:10,1,3,1d7b4dd5-049c-4a99-9a60-e7d0b83334e2,Blue,Leader
move,2018-06-08 09:05:10,1,3,1d7b4dd5-049c-4a99-9a60-e7d0b83334e2,Blue,Leader
move,2018-06-08 09:05:10,1,3,1d7b4dd5-049c-4a99-9a60-e7d0b83334e2,Blue,Leader
move,2018-06-08 09:05:10,1,3,1d7b4dd5-049c-4a99-9a60-e7d0b83334e2,Blue,Leader
move,2018-06-08 09:05:10,1,3,1d7b4dd5-049c-4a99-9a60-e7d0b83334e2,Blue,Leader
move,2018-06-08 09:05:10,1,3,1d7b4dd5-049c-4a99-9a60-e7d0b83334e2,Blue,Leader
move,2018-06-08 09:05:10,1,3,1d7b4dd5-049c-4a99-9a60-e7d0b83334e2,Blue,Leader
move,2018-06-08 09:05:10,1,3,1d7b4dd5-049c-4a99-9a60-e7d0b83334e2,Blue,Leader
move,2018-06-08 09:05:10,1,3,1d7b4dd5-049c-4a99-9a60-e7d0b83334e2,Blue,Leader
move,2018-06-08 09:05:10,1,3,1d7b4dd5-049c-4a99-9a60-e7d0b83334e2,Blue,Leader
move,2018-06-08 09:05:10,1,3,1d7b4dd5-049c-4a99-9a60-e7d0b83334e2,Blue,Leader
move,2018-06-08 09:05:10,1,3,1d7b4dd5-049c-4a99-9a60-e7d0b83334e2,Blue,Leader
move,2018-06-08 09:05:10,1,3,1d7b4dd5-049c-4a99-9a60-e7d0b83334e2,Blue,Leader
move,2018-06-08 09:05:10,1,3,1d7b4dd5-049c-4a99-9a60-e7d0b83334e2,Blue,Leader
move,2018-06-08 09:05:10,1,3,1d7b4dd5-049c-4a99-9a60-e7d0b83334e2,Blue,Leader
move,2018-06-08 09:05:11,1,3,1d7b4dd5-049c-4a99-9a60-e7d0b83334e2,Blue,Leader
move,2018-06-08 09:05:11,1,3,1d7b4dd5-049c-4a99-9a60-e7d0b83334e2,Blue,Leader
move,2018-06-08 09:05:11,1,3,1d7b4dd5-049c-4a99-9a60-e7d0b83334e2,Blue,Leader
move,2018-06-08 09:05:11,1,3,1d7b4dd5-049c-4a99-9a60-e7d0b83334e2,Blue,Leader
move,2018-06-08 09:05:11,1,3,1d7b4dd5-049c-4a99-9a60-e7d0b83334e2,Blue,Leader
move,2018-06-08 09:05:11,1,3,1d7b4dd5-049c-4a99-9a60-e7d0b83334e2,Blue,Leader
move,2018-06-08 09:05:11,1,3,1d7b4dd5-049c-4a99-9a60-e7d0b83334e2,Blue,Leader
move,2018-06-08 09:05:11,1,3,1d7b4dd5-049c-4a99-9a60-e7d0b83334e2,Blue,Leader
move,2018-06-08 09:05:11,1,3,1d7b4dd5-049c-4a99-9a60-e7d0b83334e2,Blue,Leader
move,2018-06-08 09:05:11,1,3,1d7b4dd5-049c-4a99-9a60-e7d0b83334e2,Blue,Leader
move,2018-06-08 09:05:11,1,3,1d7b4dd5-049c-4a99-9a60-e7d0b83334e2,Blue,Leader
move,2018-06-08 09:05:11,1,3,1d7b4dd5-049c-4a99-9a60-e7d0b83334e2,Blue,Leader
move,2018-06-08 09:05:11,1,3,1d7b4dd5-049c-4a99-9a60-e7d0b83334e2,Blue,Leader
move,2018-06-08 09:05:11,1,3,1d7b4dd5-049c-4a99-9a60-e7d0b83334e2,Blue,Leader
move,2018-06-08 09:05:11,1,3,1d7b4dd5-049c-4a99-9a60-e7d0b83334e2,Blue,Leader
move,2018-06-08 09:05:11,1,3,1d7b4dd5-049c-4a99-9a60-e7d0b83334e2,Blue,Leader
move,2018-06-08 09:05:11,1,3,1d7b4dd5-049c-4a99-9a60-e7d0b83334e2,Blue,Leader
move,2018-06-08 09:05:11,1,3,1d7b4dd5-049c-4a99-9a60-e7d0b83334e2,Blue,Leader
move,2018-06-08 09:05:11,1,3,1d7b4dd5-049c-4a99-9a60-e7d0b83334e2,Blue,Leader
move,2018-06-08 09:05:11,1,3,1d7b4dd5-049c-4a99-9a60-e7d0b83334e2,Blue,Leader
move,2018-06-08 09:05:11,1,3,1d7b4dd5-049c-4a99-9a60-e7d0b83334e2,Blue,Leader
move,2018-06-08 09:05:11,1,3,1d7b4dd5-049c-4a99-9a60-e7d0b83334e2,Blue,Leader
move,2018-06-08 09:05:11,1,3,1d7b4dd5-049c-4a99-9a60-e7d0b83334e2,Blue,Leader
move,2018-06-08 09:05:11,1,3,1d7b4dd5-049c-4a99-9a60-e7d0b83334e2,Blue,Leader
move,2018-06-08 09:05:11,1,3,1d7b4dd5-049c-4a99-9a60-e7d0b83334e2,Blue,Leader
move,2018-06-08 09:05:11,1,3,1d7b4dd5-049c-4a99-9a60-e7d0b83334e2,Blue,Leader
move,2018-06-08 09:05:11,1,3,1d7b4dd5-049c-4a99-9a60-e7d0b83334e2,Blue,Leader
move,2018-06-08 09:05:11,1,3,1d7b4dd5-049c-4a99-9a60-e7d0b83334e2,Blue,Leader
move,2018-06-08 09:05:11,1,3,1d7b4dd5-049c-4a99-9a60-e7d0b83334e2,Blue,Leader
move,2018-06-08 09:05:11,1,3,1d7b4dd5-049c-4a99-9a60-e7d0b83334e2,Blue,Leader
move,2018-06-08 09:05:11,1,3,1d7b4dd5-049c-4a99-9a60-e7d0b83334e2,Blue,Leader
move,2018-06-08 09:05:12,1,3,1d7b4dd5-049c-4a99-9a60-e7d0b83334e2,Blue,Leader
move,2018-06-08 09:05:12,1,3,1d7b4dd5-049c-4a99-9a60-e7d0b83334e2,Blue,Leader
move,2018-06-08 09:05:12,1,3,1d7b4dd5-049c-4a99-9a60-e7d0b83334e2,Blue,Leader
move,2018-06-08 09:05:12,1,3,1d7b4dd5-049c-4a99-9a60-e7d0b83334e2,Blue,Leader
move,2018-06-08 09:05:12,1,3,1d7b4dd5-049c-4a99-9a60-e7d0b83334e2,Blue,Leader
move,2018-06-08 09:05:12,1,3,1d7b4dd5-049c-4a99-9a60-e7d0b83334e2,Blue,Leader
move,2018-06-08 09:05:12,1,3,1d7b4dd5-049c-4a99-9a60-e7d0b83334e2,Blue,Leader
move,2018-06-08 09:05:12,1,3,1d7b4dd5-049c-4a99-9a60-e7d0b83334e2,Blue,Leader
move,2018-06-08 09:05:12,1,3,1d7b4dd5-049c-4a99-9a60-e7d0b83334e2,Blue,Leader
move,2018-06-08 09:05:12,1,3,1d7b4dd5-049c-4a99-9a60-e7d0b83334e2,Blue,Leader
move,2018-06-08 09:05:12,1,3,1d7b4dd5-049c-4a99-9a60-e7d0b83334e2,Blue,Leader
move,2018-06-08 09:05:12,1,3,1d7b4dd5-049c-4a99-9a60-e7d0b83334e2,Blue,Leader
move,2018-06-08 09:05:12,1,3,1d7b4dd5-049c-4a99-9a60-e7d0b83334e2,Blue,Leader
move,2018-06-08 09:05:12,1,3,1d7b4dd5-049c-4a99-9a60-e7d0b83334e2,Blue,Leader
move,2018-06-08 09:05:12,1,3,1d7b4dd5-049c-4a99-9a60-e7d0b83334e2,Blue,Leader
move,2018-06-08 09:05:12,1,3,1d7b4dd5-049c-4a99-9a60-e7d0b83334e2,Blue,Leader
move,2018-06-08 09:05:12,1,3,1d7b4dd5-049c-4a99-9a60-e7d0b83334e2,Blue,Leader
move,2018-06-08 09:05:12,1,3,1d7b4dd5-049c-4a99-9a60-e7d0b83334e2,Blue,Leader
move,2018-06-08 09:05:12,1,3,1d7b4dd5-049c-4a99-9a60-e7d0b83334e2,Blue,Leader
move,2018-06-08 09:05:12,1,3,1d7b4dd5-049c-4a99-9a60-e7d0b83334e2,Blue,Leader
move,2018-06-08 09:05:12,1,3,1d7b4dd5-049c-4a99-9a60-e7d0b83334e2,Blue,Leader
move,2018-06-08 09:05:12,1,3,1d7b4dd5-049c-4a99-9a60-e7d0b83334e2,Blue,Leader
move,2018-06-08 09:05:12,1,3,1d7b4dd5-049c-4a99-9a60-e7d0b83334e2,Blue,Leader
move,2018-06-08 09:05:12,1,3,1d7b4dd5-049c-4a99-9a60-e7d0b83334e2,Blue,Leader
move,2018-06-08 09:05:12,1,3,1d7b4dd5-049c-4a99-9a60-e7d0b83334e2,Blue,Leader
move,2018-06-08 09:05:12,1,3,1d7b4dd5-049c-4a99-9a60-e7d0b83334e2,Blue,Leader
move,2018-06-08 09:05:12,1,3,1d7b4dd5-049c-4a99-9a60-e7d0b83334e2,Blue,Leader
move,2018-06-08 09:05:12,1,3,1d7b4dd5-049c-4a99-9a60-e7d0b83334e2,Blue,Leader
move,2018-06-08 09:05:12,1,3,1d7b4dd5-049c-4a99-9a60-e7d0b83334e2,Blue,Leader
move,2018-06-08 09:05:12,1,3,1d7b4dd5-049c-4a99-9a60-e7d0b83334e2,Blue,Leader
move,2018-06-08 09:05:12,1,3,1d7b4dd5-049c-4a99-9a60-e7d0b83334e2,Blue,Leader
move,2018-06-08 09:05:12,1,3,1d7b4dd5-049c-4a99-9a60-e7d0b83334e2,Blue,Leader
move,2018-06-08 09:05:13,1,3,1d7b4dd5-049c-4a99-9a60-e7d0b83334e2,Blue,Leader
move,2018-06-08 09:05:13,1,3,1d7b4dd5-049c-4a99-9a60-e7d0b83334e2,Blue,Leader
move,2018-06-08 09:05:13,1,3,1d7b4dd5-049c-4a99-9a60-e7d0b83334e2,Blue,Leader
move,2018-06-08 09:05:13,1,3,1d7b4dd5-049c-4a99-9a60-e7d0b83334e2,Blue,Leader
move,2018-06-08 09:05:13,1,3,1d7b4dd5-049c-4a99-9a60-e7d0b83334e2,Blue,Leader
move,2018-06-08 09:05:13,1,3,1d7b4dd5-049c-4a99-9a60-e7d0b83334e2,Blue,Leader
move,2018-06-08 09:05:13,1,3,1d7b4dd5-049c-4a99-9a60-e7d0b83334e2,Blue,Leader
move,2018-06-08 09:05:13,1,3,1d7b4dd5-049c-4a99-9a60-e7d0b83334e2,Blue,Leader
move,2018-06-08 09:05:13,1,3,1d7b4dd5-049c-4a99-9a60-e7d0b83334e2,Blue,Leader
move,2018-06-08 09:05:13,1,3,1d7b4dd5-049c-4a99-9a60-e7d0b83334e2,Blue,Leader
move,2018-06-08 09:05:13,1,3,1d7b4dd5-049c-4a99-9a60-e7d0b83334e2,Blue,Leader
move,2018-06-08 09:05:13,1,3,1d7b4dd5-049c-4a99-9a60-e7d0b83334e2,Blue,Leader
move,2018-06-08 09:05:13,1,3,1d7b4dd5-049c-4a99-9a60-e7d0b83334e2,Blue,Leader
move,2018-06-08 09:05:13,1,3,1d7b4dd5-049c-4a99-9a60-e7d0b83334e2,Blue,Leader
move,2018-06-08 09:05:13,1,3,1d7b4dd5-049c-4a99-9a60-e7d0b83334e2,Blue,Leader
move,2018-06-08 09:05:13,1,3,1d7b4dd5-049c-4a99-9a60-e7d0b83334e2,Blue,Leader
move,2018-06-08 09:05:13,1,3,1d7b4dd5-049c-4a99-9a60-e7d0b83334e2,Blue,Leader
move,2018-06-08 09:05:13,1,3,1d7b4dd5-049c-4a99-9a60-e7d0b83334e2,Blue,Leader
move,2018-06-08 09:05:13,1,3,1d7b4dd5-049c-4a99-9a60-e7d0b83334e2,Blue,Leader
move,2018-06-08 09:05:13,1,3,1d7b4dd5-049c-4a99-9a60-e7d0b83334e2,Blue,Leader
move,2018-06-08 09:05:13,1,3,1d7b4dd5-049c-4a99-9a60-e7d0b83334e2,Blue,Leader
move,2018-06-08 09:05:13,1,3,1d7b4dd5-049c-4a99-9a60-e7d0b83334e2,Blue,Leader
move,2018-06-08 09:05:13,1,3,1d7b4dd5-049c-4a99-9a60-e7d0b83334e2,Blue,Leader
move,2018-06-08 09:05:13,1,3,1d7b4dd5-049c-4a99-9a60-e7d0b83334e2,Blue,Leader
move,2018-06-08 09:05:13,1,3,1d7b4dd5-049c-4a99-9a60-e7d0b83334e2,Blue,Leader
move,2018-06-08 09:05:13,1,3,1d7b4dd5-049c-4a99-9a60-e7d0b83334e2,Blue,Leader
move,2018-06-08 09:05:13,1,3,1d7b4dd5-049c-4a99-9a60-e7d0b83334e2,Blue,Leader
move,2018-06-08 09:05:13,1,3,1d7b4dd5-049c-4a99-9a60-e7d0b83334e2,Blue,Leader
move,2018-06-08 09:05:13,1,3,1d7b4dd5-049c-4a99-9a60-e7d0b83334e2,Blue,Leader
move,2018-06-08 09:05:13,1,3,1d7b4dd5-049c-4a99-9a60-e7d0b83334e2,Blue,Leader
Disconnected,2018-06-08 09:05:13,1,3,1d7b4dd5-049c-4a99-9a60-e7d0b83334e2,Blue,Leader
